text,values_json
Ficha de identificación — Nombre: Claudia; Apellidos: Quiroz Caballero; Doc.: DNI 83197857; Nac.: 25-11-1968; Cel.: +51 914265799; Dir.: Urb. Progreso 9028 Mz E; Dist.: Monsefú; Lima.,"{""NOMBRES"": ""Claudia"", ""APELLIDOS"": ""Quiroz Caballero"", ""TIPO_DOC"": ""DNI"", ""DNI"": ""83197857"", ""FECHA_NAC"": ""25-11-1968"", ""TELEFONO"": ""+51 914265799"", ""DISTRITO"": ""Monsefú"", ""DIRECCION"": ""Urb. Progreso 9028 Mz E""}"
Contacto del titular Juan Pablo Galindo Barreto — 938898923 — DNI 66722344 — 06/04/1980 — Dirección Calle La Unión 9991  — Distrito Huaricolca — Lima.,"{""NOMBRES"": ""Juan Pablo"", ""APELLIDOS"": ""Galindo Barreto"", ""TIPO_DOC"": ""DNI"", ""DNI"": ""66722344"", ""FECHA_NAC"": ""06/04/1980"", ""TELEFONO"": ""938898923"", ""DISTRITO"": ""Huaricolca"", ""DIRECCION"": ""Calle La Unión 9991 ""}"
Registro rápido: Cesar Cano Palacios; DNI 58537831; 25/11/1990; +51 919335534; Jr. San Martín 6327 ; Ferreñafe-Lima.,"{""NOMBRES"": ""Cesar"", ""APELLIDOS"": ""Cano Palacios"", ""TIPO_DOC"": ""DNI"", ""DNI"": ""58537831"", ""FECHA_NAC"": ""25/11/1990"", ""TELEFONO"": ""+51 919335534"", ""DISTRITO"": ""Ferreñafe"", ""DIRECCION"": ""Jr. San Martín 6327 ""}"
"Datos: Elizabeth María Luisa Ortega — DNI 96977837 — F. nac. 15-03-1968 — Tel. 932969840 — Urb. Progreso 5413, La Arena, Lima.","{""NOMBRES"": ""Elizabeth María Luisa"", ""APELLIDOS"": ""Ortega"", ""TIPO_DOC"": ""DNI"", ""DNI"": ""96977837"", ""FECHA_NAC"": ""15-03-1968"", ""TELEFONO"": ""932969840"", ""DISTRITO"": ""La Arena"", ""DIRECCION"": ""Urb. Progreso 5413""}"
"Yo Victor Quisbert-Mendoza, con DNI 86125617, nací el 24-04-2004; mi teléfono es 938538251; vivo en Jr. Progreso 9297 (Lima, Nuñoa).","{""NOMBRES"": ""Victor"", ""APELLIDOS"": ""Quisbert-Mendoza"", ""TIPO_DOC"": ""DNI"", ""DNI"": ""86125617"", ""FECHA_NAC"": ""24-04-2004"", ""TELEFONO"": ""938538251"", ""DISTRITO"": ""Nuñoa"", ""DIRECCION"": ""Jr. Progreso 9297""}"
Datos mínimos: Víctor Hugo Pena Flores; DNI 28566572; 10/11/1987; Psje. La Paz 1140 Lt 22; San Sebastián; Lima; Tel. 916323852.,"{""NOMBRES"": ""Víctor Hugo"", ""APELLIDOS"": ""Pena Flores"", ""TIPO_DOC"": ""DNI"", ""DNI"": ""28566572"", ""FECHA_NAC"": ""10/11/1987"", ""TELEFONO"": ""916323852"", ""DISTRITO"": ""San Sebastián"", ""DIRECCION"": ""Psje. La Paz 1140 Lt 22""}"
"Me llamo María Luisa Campos; mi documento es DNI 11540956; nací el 08-07-1995; número de contacto 982070937; dirección Psje. Los Álamos 7533 , distrito Yanque, Lima.","{""NOMBRES"": ""María Luisa"", ""APELLIDOS"": ""Campos"", ""TIPO_DOC"": ""DNI"", ""DNI"": ""11540956"", ""FECHA_NAC"": ""08-07-1995"", ""TELEFONO"": ""982070937"", ""DISTRITO"": ""Yanque"", ""DIRECCION"": ""Psje. Los Álamos 7533 ""}"
"Apellidos: Palacios Bolanos; Nombres: Maria Valentina; Documento: DNI 93926371; Nacimiento: 22 de mayo del 1978; Teléfono: 978137358; Dirección: Urb. Arequipa 9913 , Lima–San Sebastián.","{""NOMBRES"": ""Maria Valentina"", ""APELLIDOS"": ""Palacios Bolanos"", ""TIPO_DOC"": ""DNI"", ""DNI"": ""93926371"", ""FECHA_NAC"": ""22 de mayo del 1978"", ""TELEFONO"": ""978137358"", ""DISTRITO"": ""San Sebastián"", ""DIRECCION"": ""Urb. Arequipa 9913 ""}"
"Yo Ariana López Ibarra, con DNI 86149359, nací el 24/06/2007; mi teléfono es 975228535; vivo en Psje. Bolívar 2805 Lt 22 (Lima, Papayal).","{""NOMBRES"": ""Ariana"", ""APELLIDOS"": ""López Ibarra"", ""TIPO_DOC"": ""DNI"", ""DNI"": ""86149359"", ""FECHA_NAC"": ""24/06/2007"", ""TELEFONO"": ""975228535"", ""DISTRITO"": ""Papayal"", ""DIRECCION"": ""Psje. Bolívar 2805 Lt 22""}"
"Mi nombre es Carlos y mis apellidos son Cáceres Salas; mi tipo de documento es DNI y su número es 97225156; nací el 02/10/1981; mi número de teléfono es +51-979467853; vivo en Lima, distrito de La Unión; dirección Urb. Bolívar 3870.","{""NOMBRES"": ""Carlos"", ""APELLIDOS"": ""Cáceres Salas"", ""TIPO_DOC"": ""DNI"", ""DNI"": ""97225156"", ""FECHA_NAC"": ""02/10/1981"", ""TELEFONO"": ""+51-979467853"", ""DISTRITO"": ""La Unión"", ""DIRECCION"": ""Urb. Bolívar 3870""}"
Datos para verificación: Luis Fernando Pacori-Herrera; DNI 14216175; 25/07/2003; 979 008 866; Urb. La Paz 7844 Mz E; Lima/Nauta.,"{""NOMBRES"": ""Luis Fernando"", ""APELLIDOS"": ""Pacori-Herrera"", ""TIPO_DOC"": ""DNI"", ""DNI"": ""14216175"", ""FECHA_NAC"": ""25/07/2003"", ""TELEFONO"": ""979 008 866"", ""DISTRITO"": ""Nauta"", ""DIRECCION"": ""Urb. La Paz 7844 Mz E""}"
"Contacto: Karina Domínguez Suarez / DNI 17270733 / Nacido: 17-03-1995 / Cel: +51 996728778 / Av. Progreso 3239 Mz G, Huancané, Lima.","{""NOMBRES"": ""Karina"", ""APELLIDOS"": ""Domínguez Suarez"", ""TIPO_DOC"": ""DNI"", ""DNI"": ""17270733"", ""FECHA_NAC"": ""17-03-1995"", ""TELEFONO"": ""+51 996728778"", ""DISTRITO"": ""Huancané"", ""DIRECCION"": ""Av. Progreso 3239 Mz G""}"
"María Paula Luna Suyon (DNI 20117988) — nacido el 17 de noviembre del 1984 — cel. +51 983863413 — Jr. Los Álamos 6758 Depto 377, Shanao, Lima.","{""NOMBRES"": ""María Paula"", ""APELLIDOS"": ""Luna Suyon"", ""TIPO_DOC"": ""DNI"", ""DNI"": ""20117988"", ""FECHA_NAC"": ""17 de noviembre del 1984"", ""TELEFONO"": ""+51 983863413"", ""DISTRITO"": ""Shanao"", ""DIRECCION"": ""Jr. Los Álamos 6758 Depto 377""}"
"Datos: Diana Arias Contreras — DNI 48285503 — F. nac. 23-12-1983 — Tel. 984593961 — Av. La Paz 8983 Interior 7, Palpa, Lima.","{""NOMBRES"": ""Diana"", ""APELLIDOS"": ""Arias Contreras"", ""TIPO_DOC"": ""DNI"", ""DNI"": ""48285503"", ""FECHA_NAC"": ""23-12-1983"", ""TELEFONO"": ""984593961"", ""DISTRITO"": ""Palpa"", ""DIRECCION"": ""Av. La Paz 8983 Interior 7""}"
"Me identifico como Alberto Chávez Ponce; documento DNI No. 20752378; nacido el 11/03/2003; número de celular +51 989864260; dirección Urb. Progreso 9585, Lima – Platería.","{""NOMBRES"": ""Alberto"", ""APELLIDOS"": ""Chávez Ponce"", ""TIPO_DOC"": ""DNI"", ""DNI"": ""20752378"", ""FECHA_NAC"": ""11/03/2003"", ""TELEFONO"": ""+51 989864260"", ""DISTRITO"": ""Platería"", ""DIRECCION"": ""Urb. Progreso 9585""}"
Ficha personal: César Ulloa | Doc DNI: 37415205 | Nac. 16-01-1995 | Tel 942 035 886 | Dir Av. Arequipa 7608 | Dist Vítor | Lima.,"{""NOMBRES"": ""César"", ""APELLIDOS"": ""Ulloa"", ""TIPO_DOC"": ""DNI"", ""DNI"": ""37415205"", ""FECHA_NAC"": ""16-01-1995"", ""TELEFONO"": ""942 035 886"", ""DISTRITO"": ""Vítor"", ""DIRECCION"": ""Av. Arequipa 7608""}"
"Yesenia Nieto; DNI 19233013; fecha de nacimiento 10/06/2004; teléfono +51 948250360; vive en Lima, distrito Sausa, dirección Urb. Arequipa 9186 .","{""NOMBRES"": ""Yesenia"", ""APELLIDOS"": ""Nieto"", ""TIPO_DOC"": ""DNI"", ""DNI"": ""19233013"", ""FECHA_NAC"": ""10/06/2004"", ""TELEFONO"": ""+51 948250360"", ""DISTRITO"": ""Sausa"", ""DIRECCION"": ""Urb. Arequipa 9186 ""}"
Ficha de identificación — Nombre: Vanessa; Apellidos: Salcedo Chura; Doc.: DNI 30863865; Nac.: 21/03/1977; Cel.: 938270233; Dir.: Calle Arequipa 1612; Dist.: Guadalupe; Lima.,"{""NOMBRES"": ""Vanessa"", ""APELLIDOS"": ""Salcedo Chura"", ""TIPO_DOC"": ""DNI"", ""DNI"": ""30863865"", ""FECHA_NAC"": ""21/03/1977"", ""TELEFONO"": ""938270233"", ""DISTRITO"": ""Guadalupe"", ""DIRECCION"": ""Calle Arequipa 1612""}"
"Mi nombre completo es Victor Hugo Bravo Calla; cuento con DNI N° 45159040; nací el 01-04-1972; mi celular es 984045292; domicilio en Jr. Bolívar 690, Lima – Cajamarca.","{""NOMBRES"": ""Victor Hugo"", ""APELLIDOS"": ""Bravo Calla"", ""TIPO_DOC"": ""DNI"", ""DNI"": ""45159040"", ""FECHA_NAC"": ""01-04-1972"", ""TELEFONO"": ""984045292"", ""DISTRITO"": ""Cajamarca"", ""DIRECCION"": ""Jr. Bolívar 690""}"
"Yo, Joel Hidalgo; DNI 15354599; F. nac. 28/04/2005; tel. 943491314; resido en Lima, Macate, Urb. Libertad 2632.","{""NOMBRES"": ""Joel"", ""APELLIDOS"": ""Hidalgo"", ""TIPO_DOC"": ""DNI"", ""DNI"": ""15354599"", ""FECHA_NAC"": ""28/04/2005"", ""TELEFONO"": ""943491314"", ""DISTRITO"": ""Macate"", ""DIRECCION"": ""Urb. Libertad 2632""}"
Nombre Pamela; Apellido(s) Iglesias; DNI 13326769; F. nac 17-01-1973; Cel 954585178; Dir Av. Primavera 734; Lima–Ciudad Nueva.,"{""NOMBRES"": ""Pamela"", ""APELLIDOS"": ""Iglesias"", ""TIPO_DOC"": ""DNI"", ""DNI"": ""13326769"", ""FECHA_NAC"": ""17-01-1973"", ""TELEFONO"": ""954585178"", ""DISTRITO"": ""Ciudad Nueva"", ""DIRECCION"": ""Av. Primavera 734""}"
"Apellidos: Camacho Castaneda; Nombres: Andrea; Documento: DNI 40547349; Nacimiento: 01/01/1975; Teléfono: +51-935921441; Dirección: Urb. Primavera 8885 , Lima–El Alto.","{""NOMBRES"": ""Andrea"", ""APELLIDOS"": ""Camacho Castaneda"", ""TIPO_DOC"": ""DNI"", ""DNI"": ""40547349"", ""FECHA_NAC"": ""01/01/1975"", ""TELEFONO"": ""+51-935921441"", ""DISTRITO"": ""El Alto"", ""DIRECCION"": ""Urb. Primavera 8885 ""}"
Ficha: Nombre Pedro Pablo; Apellidos Carrillo Castaneda; Doc. DNI 45630292; Nac. 19/09/1966; Cel. 968 326 160; Dir. Av. Primavera 9546 ; Zona Lima/Chicama.,"{""NOMBRES"": ""Pedro Pablo"", ""APELLIDOS"": ""Carrillo Castaneda"", ""TIPO_DOC"": ""DNI"", ""DNI"": ""45630292"", ""FECHA_NAC"": ""19/09/1966"", ""TELEFONO"": ""968 326 160"", ""DISTRITO"": ""Chicama"", ""DIRECCION"": ""Av. Primavera 9546 ""}"
"Jorge Castillo Barrera; documento: DNI n° 36445607; nacido el 04/05/1981; contacto: 999152472; dirección: Calle Bolívar 5167, distrito Leymebamba, Lima.","{""NOMBRES"": ""Jorge"", ""APELLIDOS"": ""Castillo Barrera"", ""TIPO_DOC"": ""DNI"", ""DNI"": ""36445607"", ""FECHA_NAC"": ""04/05/1981"", ""TELEFONO"": ""999152472"", ""DISTRITO"": ""Leymebamba"", ""DIRECCION"": ""Calle Bolívar 5167""}"
"Declaro bajo juramento: me llamo Carmen Cáceres Salgado, identificado con DNI 33357554, nacido el 11-08-1992, teléfono 964502486, con domicilio en Urb. La Paz 5379 Mz B, Ancón, Lima.","{""NOMBRES"": ""Carmen"", ""APELLIDOS"": ""Cáceres Salgado"", ""TIPO_DOC"": ""DNI"", ""DNI"": ""33357554"", ""FECHA_NAC"": ""11-08-1992"", ""TELEFONO"": ""964502486"", ""DISTRITO"": ""Ancón"", ""DIRECCION"": ""Urb. La Paz 5379 Mz B""}"
"Mi nombre completo es María de los Ángeles Suárez Mendoza; cuento con DNI N° 32775593; nací el 22/07/1994; mi celular es 979182797; domicilio en Jr. Bolognesi 5185 Depto 272, Lima – Cajaruro.","{""NOMBRES"": ""María de los Ángeles"", ""APELLIDOS"": ""Suárez Mendoza"", ""TIPO_DOC"": ""DNI"", ""DNI"": ""32775593"", ""FECHA_NAC"": ""22/07/1994"", ""TELEFONO"": ""979182797"", ""DISTRITO"": ""Cajaruro"", ""DIRECCION"": ""Jr. Bolognesi 5185 Depto 272""}"
"Identificación corta: Paula Palacios Guerrero, DNI 94525678, 28/10/1990, +51-961536717, Av. Los Olivos 7065 , Cura Mori (Lima).","{""NOMBRES"": ""Paula"", ""APELLIDOS"": ""Palacios Guerrero"", ""TIPO_DOC"": ""DNI"", ""DNI"": ""94525678"", ""FECHA_NAC"": ""28/10/1990"", ""TELEFONO"": ""+51-961536717"", ""DISTRITO"": ""Cura Mori"", ""DIRECCION"": ""Av. Los Olivos 7065 ""}"
Información básica — Nombres: Jaime Julio | Apellidos: García Rocha | DNI: 81287314 | F. nac.: 27-01-1990 | Cel.: 969401199 | Dir.: Urb. Grau 2707 | Dist.: San Pablo de Pillao | Lima.,"{""NOMBRES"": ""Jaime Julio"", ""APELLIDOS"": ""García Rocha"", ""TIPO_DOC"": ""DNI"", ""DNI"": ""81287314"", ""FECHA_NAC"": ""27-01-1990"", ""TELEFONO"": ""969401199"", ""DISTRITO"": ""San Pablo de Pillao"", ""DIRECCION"": ""Urb. Grau 2707""}"
"Declaro bajo juramento: me llamo Jesus Ciro Nunez Campos, identificado con DNI 42111036, nacido el 27/04/1977, teléfono 948 349 783, con domicilio en Jr. Progreso 6375, Acobamba, Lima.","{""NOMBRES"": ""Jesus Ciro"", ""APELLIDOS"": ""Nunez Campos"", ""TIPO_DOC"": ""DNI"", ""DNI"": ""42111036"", ""FECHA_NAC"": ""27/04/1977"", ""TELEFONO"": ""948 349 783"", ""DISTRITO"": ""Acobamba"", ""DIRECCION"": ""Jr. Progreso 6375""}"
"Resumen corto: Roberto Marín Rentería, DNI 62274692, 3 de agosto del 2005, 912621534, Calle Brasil 6489, Casitas, Lima.","{""NOMBRES"": ""Roberto"", ""APELLIDOS"": ""Marín Rentería"", ""TIPO_DOC"": ""DNI"", ""DNI"": ""62274692"", ""FECHA_NAC"": ""3 de agosto del 2005"", ""TELEFONO"": ""912621534"", ""DISTRITO"": ""Casitas"", ""DIRECCION"": ""Calle Brasil 6489""}"
Rafael Ortega; doc: DNI 75529051; F. nac.: 05/11/1974; tel.: +51 975181765; Lima–Huaricolca; Psje. Los Álamos 8851 Mz F.,"{""NOMBRES"": ""Rafael"", ""APELLIDOS"": ""Ortega"", ""TIPO_DOC"": ""DNI"", ""DNI"": ""75529051"", ""FECHA_NAC"": ""05/11/1974"", ""TELEFONO"": ""+51 975181765"", ""DISTRITO"": ""Huaricolca"", ""DIRECCION"": ""Psje. Los Álamos 8851 Mz F""}"
"Declaro que me llamo María Camila Flores Figueroa; mi DNI n.º 16749089; nací el 02/09/1976; teléfono +51-938408562; vivo en Psje. Brasil 1441 , distrito Huaricolca, Lima.","{""NOMBRES"": ""María Camila"", ""APELLIDOS"": ""Flores Figueroa"", ""TIPO_DOC"": ""DNI"", ""DNI"": ""16749089"", ""FECHA_NAC"": ""02/09/1976"", ""TELEFONO"": ""+51-938408562"", ""DISTRITO"": ""Huaricolca"", ""DIRECCION"": ""Psje. Brasil 1441 ""}"
"Declaro bajo juramento: me llamo Maria de los Angeles Ramos Campos, identificado con DNI 97477029, nacido el 22 de octubre del 1966, teléfono +51 943189803, con domicilio en Psje. Bolognesi 1974, Independencia, Lima.","{""NOMBRES"": ""Maria de los Angeles"", ""APELLIDOS"": ""Ramos Campos"", ""TIPO_DOC"": ""DNI"", ""DNI"": ""97477029"", ""FECHA_NAC"": ""22 de octubre del 1966"", ""TELEFONO"": ""+51 943189803"", ""DISTRITO"": ""Independencia"", ""DIRECCION"": ""Psje. Bolognesi 1974""}"
Datos básicos: Francisco Cárdenas Calla; DNI 25372341; 22 de noviembre del 1999; +51 951746937; Psje. Primavera 3349 ; La Victoria; Lima.,"{""NOMBRES"": ""Francisco"", ""APELLIDOS"": ""Cárdenas Calla"", ""TIPO_DOC"": ""DNI"", ""DNI"": ""25372341"", ""FECHA_NAC"": ""22 de noviembre del 1999"", ""TELEFONO"": ""+51 951746937"", ""DISTRITO"": ""La Victoria"", ""DIRECCION"": ""Psje. Primavera 3349 ""}"
Contacto del titular Juan Gamarra Bolaños — +51-981503856 — DNI 85958181 — 09/02/2000 — Dirección Av. Primavera 8131 Interior 17 — Distrito Caraz — Lima.,"{""NOMBRES"": ""Juan"", ""APELLIDOS"": ""Gamarra Bolaños"", ""TIPO_DOC"": ""DNI"", ""DNI"": ""85958181"", ""FECHA_NAC"": ""09/02/2000"", ""TELEFONO"": ""+51-981503856"", ""DISTRITO"": ""Caraz"", ""DIRECCION"": ""Av. Primavera 8131 Interior 17""}"
Información del titular: Rosa Wilmer Olivares Quispehuamán; DNI 82232344; fecha de nacimiento 01/10/1999; celular 968461818; dirección Av. Brasil 7485 Mz G; distrito Contumazá; Lima.,"{""NOMBRES"": ""Rosa Wilmer"", ""APELLIDOS"": ""Olivares Quispehuamán"", ""TIPO_DOC"": ""DNI"", ""DNI"": ""82232344"", ""FECHA_NAC"": ""01/10/1999"", ""TELEFONO"": ""968461818"", ""DISTRITO"": ""Contumazá"", ""DIRECCION"": ""Av. Brasil 7485 Mz G""}"
Información básica — Nombres: Yessica | Apellidos: Tello Beltrán | DNI: 55679506 | F. nac.: 18 de julio del 1977 | Cel.: 947080140 | Dir.: Psje. Grau 9196 | Dist.: Tambillo | Lima.,"{""NOMBRES"": ""Yessica"", ""APELLIDOS"": ""Tello Beltrán"", ""TIPO_DOC"": ""DNI"", ""DNI"": ""55679506"", ""FECHA_NAC"": ""18 de julio del 1977"", ""TELEFONO"": ""947080140"", ""DISTRITO"": ""Tambillo"", ""DIRECCION"": ""Psje. Grau 9196""}"
Contacto del titular Luis Miguel Martínez-Ortega — 942 655 866 — DNI 49491631 — 10/12/1974 — Dirección Calle Primavera 9117  — Distrito Pomahuaca — Lima.,"{""NOMBRES"": ""Luis Miguel"", ""APELLIDOS"": ""Martínez-Ortega"", ""TIPO_DOC"": ""DNI"", ""DNI"": ""49491631"", ""FECHA_NAC"": ""10/12/1974"", ""TELEFONO"": ""942 655 866"", ""DISTRITO"": ""Pomahuaca"", ""DIRECCION"": ""Calle Primavera 9117 ""}"
"Mis nombres: Carla Víctor Hugo; mis apellidos: Ramírez Padilla; mi doc.: DNI 34850391; nací el 05/08/1973; mi cel: 974 988 034; vivo en Av. Progreso 4953 Depto 490, Bambamarca, Lima.","{""NOMBRES"": ""Carla Víctor Hugo"", ""APELLIDOS"": ""Ramírez Padilla"", ""TIPO_DOC"": ""DNI"", ""DNI"": ""34850391"", ""FECHA_NAC"": ""05/08/1973"", ""TELEFONO"": ""974 988 034"", ""DISTRITO"": ""Bambamarca"", ""DIRECCION"": ""Av. Progreso 4953 Depto 490""}"
Se consigna: Gabriela Marco Antonio Figueroa Valencia / DNI 26948946 / nacido el 12 de agosto del 1993 / contacto +51 975884623 / domicilio Psje. La Unión 3120 / distrito Chorrillos / Lima.,"{""NOMBRES"": ""Gabriela Marco Antonio"", ""APELLIDOS"": ""Figueroa Valencia"", ""TIPO_DOC"": ""DNI"", ""DNI"": ""26948946"", ""FECHA_NAC"": ""12 de agosto del 1993"", ""TELEFONO"": ""+51 975884623"", ""DISTRITO"": ""Chorrillos"", ""DIRECCION"": ""Psje. La Unión 3120""}"
Nombre Andrés; Apellido(s) Vásquez Salgado; DNI 87446468; F. nac 27-03-1993; Cel +51 930364454; Dir Urb. Los Olivos 6918; Lima–Baños del Inca.,"{""NOMBRES"": ""Andrés"", ""APELLIDOS"": ""Vásquez Salgado"", ""TIPO_DOC"": ""DNI"", ""DNI"": ""87446468"", ""FECHA_NAC"": ""27-03-1993"", ""TELEFONO"": ""+51 930364454"", ""DISTRITO"": ""Baños del Inca"", ""DIRECCION"": ""Urb. Los Olivos 6918""}"
Rafael; Núñez Nieves; DNI: 50987442; Fecha de nac.: 05-07-1990; Cel.: 991823275; Dir.: Calle Bolognesi 1430 Depto 491; Dist.: Cayma; Lima.,"{""NOMBRES"": ""Rafael"", ""APELLIDOS"": ""Núñez Nieves"", ""TIPO_DOC"": ""DNI"", ""DNI"": ""50987442"", ""FECHA_NAC"": ""05-07-1990"", ""TELEFONO"": ""991823275"", ""DISTRITO"": ""Cayma"", ""DIRECCION"": ""Calle Bolognesi 1430 Depto 491""}"
"Víctor Díaz Colque, documento DNI n° 47945817, fecha de nacimiento 14 de julio del 1996, fono 919553585, dirección Jr. Primavera 1980, distrito Cuenca, Lima.","{""NOMBRES"": ""Víctor"", ""APELLIDOS"": ""Díaz Colque"", ""TIPO_DOC"": ""DNI"", ""DNI"": ""47945817"", ""FECHA_NAC"": ""14 de julio del 1996"", ""TELEFONO"": ""919553585"", ""DISTRITO"": ""Cuenca"", ""DIRECCION"": ""Jr. Primavera 1980""}"
"Perfil: José Luis Hoyos-Zúñiga | DNI: 51286958 | Nacimiento: 11-09-1991 | Teléfono: 986397676 | Psje. Brasil 8299 | Pacocha, Lima.","{""NOMBRES"": ""José Luis"", ""APELLIDOS"": ""Hoyos-Zúñiga"", ""TIPO_DOC"": ""DNI"", ""DNI"": ""51286958"", ""FECHA_NAC"": ""11-09-1991"", ""TELEFONO"": ""986397676"", ""DISTRITO"": ""Pacocha"", ""DIRECCION"": ""Psje. Brasil 8299""}"
"Identificación: Ana Lucia Cisneros Costa (DNI 91029073); Nacimiento 26/03/1976; Contacto 940725714; Domicilio Calle La Paz 759, Distrito Concepción, Lima.","{""NOMBRES"": ""Ana Lucia"", ""APELLIDOS"": ""Cisneros Costa"", ""TIPO_DOC"": ""DNI"", ""DNI"": ""91029073"", ""FECHA_NAC"": ""26/03/1976"", ""TELEFONO"": ""940725714"", ""DISTRITO"": ""Concepción"", ""DIRECCION"": ""Calle La Paz 759""}"
Registro: Nombres Nicolas; Apellidos Nieves Yucra; DNI 75998319; Fecha de nacimiento 03/02/1969; Teléfono 964 807 553; Dirección Psje. Brasil 6661; Ciudad Lima; Distrito Parinari.,"{""NOMBRES"": ""Nicolas"", ""APELLIDOS"": ""Nieves Yucra"", ""TIPO_DOC"": ""DNI"", ""DNI"": ""75998319"", ""FECHA_NAC"": ""03/02/1969"", ""TELEFONO"": ""964 807 553"", ""DISTRITO"": ""Parinari"", ""DIRECCION"": ""Psje. Brasil 6661""}"
"Declaro que me llamo Luis Fernando Ramos Peña; mi DNI n.º 64247457; nací el 19-10-2003; teléfono 910154493; vivo en Urb. La Unión 8267, distrito Huancavelica, Lima.","{""NOMBRES"": ""Luis Fernando"", ""APELLIDOS"": ""Ramos Peña"", ""TIPO_DOC"": ""DNI"", ""DNI"": ""64247457"", ""FECHA_NAC"": ""19-10-2003"", ""TELEFONO"": ""910154493"", ""DISTRITO"": ""Huancavelica"", ""DIRECCION"": ""Urb. La Unión 8267""}"
Datos mínimos: Elizabeth Andrea Sandoval; DNI 75056916; 13/06/1970; Av. Bolívar 6784 ; Veintiséis de Octubre; Lima; Tel. 994560158.,"{""NOMBRES"": ""Elizabeth Andrea"", ""APELLIDOS"": ""Sandoval"", ""TIPO_DOC"": ""DNI"", ""DNI"": ""75056916"", ""FECHA_NAC"": ""13/06/1970"", ""TELEFONO"": ""994560158"", ""DISTRITO"": ""Veintiséis de Octubre"", ""DIRECCION"": ""Av. Bolívar 6784 ""}"
"Contacto: Rosa María Palacios Cornejo / DNI 49172995 / Nacido: 30-10-1987 / Cel: 965766169 / Psje. Progreso 9920, Pisco, Lima.","{""NOMBRES"": ""Rosa María"", ""APELLIDOS"": ""Palacios Cornejo"", ""TIPO_DOC"": ""DNI"", ""DNI"": ""49172995"", ""FECHA_NAC"": ""30-10-1987"", ""TELEFONO"": ""965766169"", ""DISTRITO"": ""Pisco"", ""DIRECCION"": ""Psje. Progreso 9920""}"
"Completo: Miguel Angel Hancco Caceres; DNI N° 55617282; F. Nac.: 28 de noviembre del 2006; Cel.: 945859307; Domicilio: Urb. Bolognesi 8122, Lobitos, Lima.","{""NOMBRES"": ""Miguel Angel"", ""APELLIDOS"": ""Hancco Caceres"", ""TIPO_DOC"": ""DNI"", ""DNI"": ""55617282"", ""FECHA_NAC"": ""28 de noviembre del 2006"", ""TELEFONO"": ""945859307"", ""DISTRITO"": ""Lobitos"", ""DIRECCION"": ""Urb. Bolognesi 8122""}"
"Rafael Barrios Delgado, documento DNI n° 35320492, fecha de nacimiento 15/04/1996, fono 961 401 477, dirección Psje. Libertad 6346 , distrito Tuti, Lima.","{""NOMBRES"": ""Rafael"", ""APELLIDOS"": ""Barrios Delgado"", ""TIPO_DOC"": ""DNI"", ""DNI"": ""35320492"", ""FECHA_NAC"": ""15/04/1996"", ""TELEFONO"": ""961 401 477"", ""DISTRITO"": ""Tuti"", ""DIRECCION"": ""Psje. Libertad 6346 ""}"
"Solicito registrar: Ana Lucía Cordova Pacheco; DNI 54559574; fecha 06/01/2004; celular +51 969096899; domicilio Psje. Bolognesi 2629 Interior 1, Kaquiabamba, Lima.","{""NOMBRES"": ""Ana Lucía"", ""APELLIDOS"": ""Cordova Pacheco"", ""TIPO_DOC"": ""DNI"", ""DNI"": ""54559574"", ""FECHA_NAC"": ""06/01/2004"", ""TELEFONO"": ""+51 969096899"", ""DISTRITO"": ""Kaquiabamba"", ""DIRECCION"": ""Psje. Bolognesi 2629 Interior 1""}"
Ficha personal: Renzo Valdez Marin | Doc DNI: 61003997 | Nac. 20/10/2007 | Tel 975491202 | Dir Calle Progreso 1580  | Dist Lurín | Lima.,"{""NOMBRES"": ""Renzo"", ""APELLIDOS"": ""Valdez Marin"", ""TIPO_DOC"": ""DNI"", ""DNI"": ""61003997"", ""FECHA_NAC"": ""20/10/2007"", ""TELEFONO"": ""975491202"", ""DISTRITO"": ""Lurín"", ""DIRECCION"": ""Calle Progreso 1580 ""}"
"Yo, Sofia Cuevas-Delgado; DNI 58112135; F. nac. 25/10/1981; tel. 942775624; resido en Lima, Jesús, Av. La Paz 6367.","{""NOMBRES"": ""Sofia"", ""APELLIDOS"": ""Cuevas-Delgado"", ""TIPO_DOC"": ""DNI"", ""DNI"": ""58112135"", ""FECHA_NAC"": ""25/10/1981"", ""TELEFONO"": ""942775624"", ""DISTRITO"": ""Jesús"", ""DIRECCION"": ""Av. La Paz 6367""}"
Se consigna: Marco Antonio Bolanos Luna / DNI 44088261 / nacido el 13/08/1985 / contacto 911261301 / domicilio Psje. La Unión 9726 Mz B / distrito Pueblo Nuevo / Lima.,"{""NOMBRES"": ""Marco Antonio"", ""APELLIDOS"": ""Bolanos Luna"", ""TIPO_DOC"": ""DNI"", ""DNI"": ""44088261"", ""FECHA_NAC"": ""13/08/1985"", ""TELEFONO"": ""911261301"", ""DISTRITO"": ""Pueblo Nuevo"", ""DIRECCION"": ""Psje. La Unión 9726 Mz B""}"
"Declaro que me llamo Sofia Valdez; mi DNI n.º 74855088; nací el 14/10/1969; teléfono +51-986762164; vivo en Psje. Brasil 232, distrito El Tambo, Lima.","{""NOMBRES"": ""Sofia"", ""APELLIDOS"": ""Valdez"", ""TIPO_DOC"": ""DNI"", ""DNI"": ""74855088"", ""FECHA_NAC"": ""14/10/1969"", ""TELEFONO"": ""+51-986762164"", ""DISTRITO"": ""El Tambo"", ""DIRECCION"": ""Psje. Brasil 232""}"
"Para el formulario: José Luis Montoya Torres, DNI 48412328, nacido el 19 de octubre del 1999, celular 991478884, domicilio Jr. Bolognesi 1691, Lima – Pomalca.","{""NOMBRES"": ""José Luis"", ""APELLIDOS"": ""Montoya Torres"", ""TIPO_DOC"": ""DNI"", ""DNI"": ""48412328"", ""FECHA_NAC"": ""19 de octubre del 1999"", ""TELEFONO"": ""991478884"", ""DISTRITO"": ""Pomalca"", ""DIRECCION"": ""Jr. Bolognesi 1691""}"
"Registro verbal: Me llamo Andrea Zapata Zuniga, mi DNI es 49609054, nací el 28-08-1979, mi celular 933 574 011, vivo en Calle Los Álamos 4310, Chicama, Lima.","{""NOMBRES"": ""Andrea"", ""APELLIDOS"": ""Zapata Zuniga"", ""TIPO_DOC"": ""DNI"", ""DNI"": ""49609054"", ""FECHA_NAC"": ""28-08-1979"", ""TELEFONO"": ""933 574 011"", ""DISTRITO"": ""Chicama"", ""DIRECCION"": ""Calle Los Álamos 4310""}"
"Soy Ángel Cáceres; DNI n° 25457816; fecha de nacimiento 4 de enero del 1986; celular 928892086; resido en Lima, Chongoyape; Urb. La Unión 1579.","{""NOMBRES"": ""Ángel"", ""APELLIDOS"": ""Cáceres"", ""TIPO_DOC"": ""DNI"", ""DNI"": ""25457816"", ""FECHA_NAC"": ""4 de enero del 1986"", ""TELEFONO"": ""928892086"", ""DISTRITO"": ""Chongoyape"", ""DIRECCION"": ""Urb. La Unión 1579""}"
"Mis nombres: Julio; mis apellidos: Delgado Guerrero; mi doc.: DNI 95704631; nací el 07/03/2007; mi cel: +51-941383044; vivo en Av. Bolognesi 7706, Cajaruro, Lima.","{""NOMBRES"": ""Julio"", ""APELLIDOS"": ""Delgado Guerrero"", ""TIPO_DOC"": ""DNI"", ""DNI"": ""95704631"", ""FECHA_NAC"": ""07/03/2007"", ""TELEFONO"": ""+51-941383044"", ""DISTRITO"": ""Cajaruro"", ""DIRECCION"": ""Av. Bolognesi 7706""}"
Datos para verificación: César Carmen Tello Sánchez; DNI 41514326; 19-10-2004; +51-962163160; Jr. Primavera 1722; Lima/Parinari.,"{""NOMBRES"": ""César Carmen"", ""APELLIDOS"": ""Tello Sánchez"", ""TIPO_DOC"": ""DNI"", ""DNI"": ""41514326"", ""FECHA_NAC"": ""19-10-2004"", ""TELEFONO"": ""+51-962163160"", ""DISTRITO"": ""Parinari"", ""DIRECCION"": ""Jr. Primavera 1722""}"
"Me llamo Vanessa Colque Camacho. Mi DNI es 41690501. Nací el 17/05/2003. Teléfono 959302863. Vivo en Lima (distrito Saposoa), dirección Jr. San Martín 7550 Depto 284.","{""NOMBRES"": ""Vanessa"", ""APELLIDOS"": ""Colque Camacho"", ""TIPO_DOC"": ""DNI"", ""DNI"": ""41690501"", ""FECHA_NAC"": ""17/05/2003"", ""TELEFONO"": ""959302863"", ""DISTRITO"": ""Saposoa"", ""DIRECCION"": ""Jr. San Martín 7550 Depto 284""}"
"Mi nombre completo es Alberto Vasquez; cuento con DNI N° 85776373; nací el 17/03/1974; mi celular es 984 384 510; domicilio en Urb. Arequipa 4642, Lima – Reque.","{""NOMBRES"": ""Alberto"", ""APELLIDOS"": ""Vasquez"", ""TIPO_DOC"": ""DNI"", ""DNI"": ""85776373"", ""FECHA_NAC"": ""17/03/1974"", ""TELEFONO"": ""984 384 510"", ""DISTRITO"": ""Reque"", ""DIRECCION"": ""Urb. Arequipa 4642""}"
Información básica — Nombres: Paula | Apellidos: Barrios Díaz | DNI: 58082464 | F. nac.: 9 de junio del 2000 | Cel.: 989 034 501 | Dir.: Psje. Bolívar 1962 | Dist.: Anta | Lima.,"{""NOMBRES"": ""Paula"", ""APELLIDOS"": ""Barrios Díaz"", ""TIPO_DOC"": ""DNI"", ""DNI"": ""58082464"", ""FECHA_NAC"": ""9 de junio del 2000"", ""TELEFONO"": ""989 034 501"", ""DISTRITO"": ""Anta"", ""DIRECCION"": ""Psje. Bolívar 1962""}"
Mirella; Padilla Pena; DNI: 92558242; Fecha de nac.: 12-12-1966; Cel.: 998436473; Dir.: Psje. Primavera 1868 Mz A; Dist.: Chavín; Lima.,"{""NOMBRES"": ""Mirella"", ""APELLIDOS"": ""Padilla Pena"", ""TIPO_DOC"": ""DNI"", ""DNI"": ""92558242"", ""FECHA_NAC"": ""12-12-1966"", ""TELEFONO"": ""998436473"", ""DISTRITO"": ""Chavín"", ""DIRECCION"": ""Psje. Primavera 1868 Mz A""}"
"Declaro bajo juramento: me llamo Tatiana López Pena, identificado con DNI 83599154, nacido el 11/12/1996, teléfono 990180577, con domicilio en Av. Bolognesi 9133, Chincha Alta, Lima.","{""NOMBRES"": ""Tatiana"", ""APELLIDOS"": ""López Pena"", ""TIPO_DOC"": ""DNI"", ""DNI"": ""83599154"", ""FECHA_NAC"": ""11/12/1996"", ""TELEFONO"": ""990180577"", ""DISTRITO"": ""Chincha Alta"", ""DIRECCION"": ""Av. Bolognesi 9133""}"
"Señalo mis datos: Joel Álvaro Quiroz Luna; documento DNI 51949529; nac. 23/02/1984; tel. +51-944210729; vivo en Av. San Martín 7175 , San Sebastián, Lima.","{""NOMBRES"": ""Joel Álvaro"", ""APELLIDOS"": ""Quiroz Luna"", ""TIPO_DOC"": ""DNI"", ""DNI"": ""51949529"", ""FECHA_NAC"": ""23/02/1984"", ""TELEFONO"": ""+51-944210729"", ""DISTRITO"": ""San Sebastián"", ""DIRECCION"": ""Av. San Martín 7175 ""}"
"Víctor César Augusto Rocha Costa, documento DNI n° 57459130, fecha de nacimiento 10-03-2004, fono 966765623, dirección Calle San Martín 9568, distrito Rupa-Rupa, Lima.","{""NOMBRES"": ""Víctor César Augusto"", ""APELLIDOS"": ""Rocha Costa"", ""TIPO_DOC"": ""DNI"", ""DNI"": ""57459130"", ""FECHA_NAC"": ""10-03-2004"", ""TELEFONO"": ""966765623"", ""DISTRITO"": ""Rupa-Rupa"", ""DIRECCION"": ""Calle San Martín 9568""}"
"Confirmo que mis datos son Ariana Ramos Hoyos, DNI 47388792, 03/10/1990, 967594492, Urb. Arequipa 4481 Interior 20, Las Amazonas (Punchana), Lima.","{""NOMBRES"": ""Ariana"", ""APELLIDOS"": ""Ramos Hoyos"", ""TIPO_DOC"": ""DNI"", ""DNI"": ""47388792"", ""FECHA_NAC"": ""03/10/1990"", ""TELEFONO"": ""967594492"", ""DISTRITO"": ""Las Amazonas (Punchana)"", ""DIRECCION"": ""Urb. Arequipa 4481 Interior 20""}"
"Señalo mis datos: Raúl Fernando Soto Castaneda; documento DNI 86010330; nac. 27/06/1994; tel. 929042093; vivo en Jr. Primavera 6978 Depto 116, Santa Clara (San Juan), Lima.","{""NOMBRES"": ""Raúl Fernando"", ""APELLIDOS"": ""Soto Castaneda"", ""TIPO_DOC"": ""DNI"", ""DNI"": ""86010330"", ""FECHA_NAC"": ""27/06/1994"", ""TELEFONO"": ""929042093"", ""DISTRITO"": ""Santa Clara (San Juan)"", ""DIRECCION"": ""Jr. Primavera 6978 Depto 116""}"
"Apellidos: Suárez-Pena; Nombres: Verónica; Documento: DNI 31127198; Nacimiento: 04-11-1998; Teléfono: 920 949 687; Dirección: Psje. Brasil 3631, Lima–Alto Nanay.","{""NOMBRES"": ""Verónica"", ""APELLIDOS"": ""Suárez-Pena"", ""TIPO_DOC"": ""DNI"", ""DNI"": ""31127198"", ""FECHA_NAC"": ""04-11-1998"", ""TELEFONO"": ""920 949 687"", ""DISTRITO"": ""Alto Nanay"", ""DIRECCION"": ""Psje. Brasil 3631""}"
Ficha: Nombre María; Apellidos Renteria Castro; Doc. DNI 16095815; Nac. 22/11/1974; Cel. +51 990440034; Dir. Calle Brasil 5475 Mz G; Zona Lima/Guadalupe.,"{""NOMBRES"": ""María"", ""APELLIDOS"": ""Renteria Castro"", ""TIPO_DOC"": ""DNI"", ""DNI"": ""16095815"", ""FECHA_NAC"": ""22/11/1974"", ""TELEFONO"": ""+51 990440034"", ""DISTRITO"": ""Guadalupe"", ""DIRECCION"": ""Calle Brasil 5475 Mz G""}"
"Me llamo Elizabeth Gutiérrez Franco. Mi DNI es 57535513. Nací el 26/03/1968. Teléfono +51-915677713. Vivo en Lima (distrito Chincha Baja), dirección Urb. Primavera 6943 Mz E.","{""NOMBRES"": ""Elizabeth"", ""APELLIDOS"": ""Gutiérrez Franco"", ""TIPO_DOC"": ""DNI"", ""DNI"": ""57535513"", ""FECHA_NAC"": ""26/03/1968"", ""TELEFONO"": ""+51-915677713"", ""DISTRITO"": ""Chincha Baja"", ""DIRECCION"": ""Urb. Primavera 6943 Mz E""}"
Luis Miguel; Renteria Bravo; DNI: 58567046; Fecha de nac.: 14/12/1968; Cel.: 924 208 709; Dir.: Calle Libertad 5662 Depto 306; Dist.: Bambamarca; Lima.,"{""NOMBRES"": ""Luis Miguel"", ""APELLIDOS"": ""Renteria Bravo"", ""TIPO_DOC"": ""DNI"", ""DNI"": ""58567046"", ""FECHA_NAC"": ""14/12/1968"", ""TELEFONO"": ""924 208 709"", ""DISTRITO"": ""Bambamarca"", ""DIRECCION"": ""Calle Libertad 5662 Depto 306""}"
Jessica; Shuna; DNI: 56892354; Fecha de nac.: 01-10-1980; Cel.: 996629889; Dir.: Jr. La Paz 2604; Dist.: Piura; Lima.,"{""NOMBRES"": ""Jessica"", ""APELLIDOS"": ""Shuna"", ""TIPO_DOC"": ""DNI"", ""DNI"": ""56892354"", ""FECHA_NAC"": ""01-10-1980"", ""TELEFONO"": ""996629889"", ""DISTRITO"": ""Piura"", ""DIRECCION"": ""Jr. La Paz 2604""}"
Ficha de identificación — Nombre: Rosa; Apellidos: Aguilar Palomino; Doc.: DNI 87774890; Nac.: 19-02-1985; Cel.: 985764804; Dir.: Av. Grau 7345; Dist.: Leymebamba; Lima.,"{""NOMBRES"": ""Rosa"", ""APELLIDOS"": ""Aguilar Palomino"", ""TIPO_DOC"": ""DNI"", ""DNI"": ""87774890"", ""FECHA_NAC"": ""19-02-1985"", ""TELEFONO"": ""985764804"", ""DISTRITO"": ""Leymebamba"", ""DIRECCION"": ""Av. Grau 7345""}"
"Alejandra Esquivel-Tello; documento: DNI n° 48530827; nacido el 11-06-1968; contacto: 922119391; dirección: Av. Grau 9466, distrito Ocros, Lima.","{""NOMBRES"": ""Alejandra"", ""APELLIDOS"": ""Esquivel-Tello"", ""TIPO_DOC"": ""DNI"", ""DNI"": ""48530827"", ""FECHA_NAC"": ""11-06-1968"", ""TELEFONO"": ""922119391"", ""DISTRITO"": ""Ocros"", ""DIRECCION"": ""Av. Grau 9466""}"
"Yo, Yanet Maria Gracia Tapia Hidalgo, DNI 21318464, nacido el 20-08-1987, tel. 915 253 567, domicilio Jr. La Unión 6208, Lima – Pacocha.","{""NOMBRES"": ""Yanet Maria Gracia"", ""APELLIDOS"": ""Tapia Hidalgo"", ""TIPO_DOC"": ""DNI"", ""DNI"": ""21318464"", ""FECHA_NAC"": ""20-08-1987"", ""TELEFONO"": ""915 253 567"", ""DISTRITO"": ""Pacocha"", ""DIRECCION"": ""Jr. La Unión 6208""}"
"Mi nombre completo es Carlos Andrés Tello-Cisneros; cuento con DNI N° 94676162; nací el 14/01/1994; mi celular es +51 954250344; domicilio en Urb. Los Álamos 5561 , Lima – Lagunas.","{""NOMBRES"": ""Carlos Andrés"", ""APELLIDOS"": ""Tello-Cisneros"", ""TIPO_DOC"": ""DNI"", ""DNI"": ""94676162"", ""FECHA_NAC"": ""14/01/1994"", ""TELEFONO"": ""+51 954250344"", ""DISTRITO"": ""Lagunas"", ""DIRECCION"": ""Urb. Los Álamos 5561 ""}"
"Yo soy Pedro Vargas Ulloa; mi DNI es 21370793; nací el 21-11-1978; mi cel es 996368203; vivo en Psje. Bolívar 6028 Interior 17, Lima, Pacora.","{""NOMBRES"": ""Pedro"", ""APELLIDOS"": ""Vargas Ulloa"", ""TIPO_DOC"": ""DNI"", ""DNI"": ""21370793"", ""FECHA_NAC"": ""21-11-1978"", ""TELEFONO"": ""996368203"", ""DISTRITO"": ""Pacora"", ""DIRECCION"": ""Psje. Bolívar 6028 Interior 17""}"
"Bruno Ponce Trejo, documento DNI n° 49700543, fecha de nacimiento 18 de noviembre del 2002, fono 978140959, dirección Calle Los Olivos 2247, distrito Yauyos (Jauja), Lima.","{""NOMBRES"": ""Bruno"", ""APELLIDOS"": ""Ponce Trejo"", ""TIPO_DOC"": ""DNI"", ""DNI"": ""49700543"", ""FECHA_NAC"": ""18 de noviembre del 2002"", ""TELEFONO"": ""978140959"", ""DISTRITO"": ""Yauyos (Jauja)"", ""DIRECCION"": ""Calle Los Olivos 2247""}"
Postulación de Elizabeth Pena Medina: DNI 15864298; 07/06/1983; 941880763; Dirección Jr. Brasil 7784; Distrito Bagua; Lima.,"{""NOMBRES"": ""Elizabeth"", ""APELLIDOS"": ""Pena Medina"", ""TIPO_DOC"": ""DNI"", ""DNI"": ""15864298"", ""FECHA_NAC"": ""07/06/1983"", ""TELEFONO"": ""941880763"", ""DISTRITO"": ""Bagua"", ""DIRECCION"": ""Jr. Brasil 7784""}"
"Señalo mis datos: Luis Enrique Renteria; documento DNI 69135982; nac. 17 de septiembre del 1985; tel. 961254050; vivo en Jr. Brasil 954, Pachía, Lima.","{""NOMBRES"": ""Luis Enrique"", ""APELLIDOS"": ""Renteria"", ""TIPO_DOC"": ""DNI"", ""DNI"": ""69135982"", ""FECHA_NAC"": ""17 de septiembre del 1985"", ""TELEFONO"": ""961254050"", ""DISTRITO"": ""Pachía"", ""DIRECCION"": ""Jr. Brasil 954""}"
"Acta: Monica Martínez Reyna; documento DNI 21257528; fecha 26/03/1999; tel 970306604; vive en Psje. La Unión 536 Mz B, Islay, Lima.","{""NOMBRES"": ""Monica"", ""APELLIDOS"": ""Martínez Reyna"", ""TIPO_DOC"": ""DNI"", ""DNI"": ""21257528"", ""FECHA_NAC"": ""26/03/1999"", ""TELEFONO"": ""970306604"", ""DISTRITO"": ""Islay"", ""DIRECCION"": ""Psje. La Unión 536 Mz B""}"
Información básica — Nombres: Maria Elena | Apellidos: Contreras Villarreal | DNI: 13783268 | F. nac.: 19 de abril del 1979 | Cel.: 997 236 246 | Dir.: Psje. Libertad 2373 | Dist.: Mollendo | Lima.,"{""NOMBRES"": ""Maria Elena"", ""APELLIDOS"": ""Contreras Villarreal"", ""TIPO_DOC"": ""DNI"", ""DNI"": ""13783268"", ""FECHA_NAC"": ""19 de abril del 1979"", ""TELEFONO"": ""997 236 246"", ""DISTRITO"": ""Mollendo"", ""DIRECCION"": ""Psje. Libertad 2373""}"
"Me llamo Mirella Gonzales Giral. Mi DNI es 91722503. Nací el 04/09/1988. Teléfono 948 668 339. Vivo en Lima (distrito Sabandía), dirección Urb. Grau 1129 Mz D.","{""NOMBRES"": ""Mirella"", ""APELLIDOS"": ""Gonzales Giral"", ""TIPO_DOC"": ""DNI"", ""DNI"": ""91722503"", ""FECHA_NAC"": ""04/09/1988"", ""TELEFONO"": ""948 668 339"", ""DISTRITO"": ""Sabandía"", ""DIRECCION"": ""Urb. Grau 1129 Mz D""}"
"Acta: Pedro Pablo Espinosa Franco; documento DNI 67611469; fecha 26-01-1965; tel 942287985; vive en Av. Bolívar 9014, La Esperanza, Lima.","{""NOMBRES"": ""Pedro Pablo"", ""APELLIDOS"": ""Espinosa Franco"", ""TIPO_DOC"": ""DNI"", ""DNI"": ""67611469"", ""FECHA_NAC"": ""26-01-1965"", ""TELEFONO"": ""942287985"", ""DISTRITO"": ""La Esperanza"", ""DIRECCION"": ""Av. Bolívar 9014""}"
"Identificación: Monica Chávez Zúñiga (DNI 12179995); Nacimiento 7 de enero del 1981; Contacto 956 278 607; Domicilio Calle Los Álamos 826 Interior 4, Distrito Belén, Lima.","{""NOMBRES"": ""Monica"", ""APELLIDOS"": ""Chávez Zúñiga"", ""TIPO_DOC"": ""DNI"", ""DNI"": ""12179995"", ""FECHA_NAC"": ""7 de enero del 1981"", ""TELEFONO"": ""956 278 607"", ""DISTRITO"": ""Belén"", ""DIRECCION"": ""Calle Los Álamos 826 Interior 4""}"
Información básica — Nombres: Juan Jose | Apellidos: Sucso Hancco | DNI: 34464938 | F. nac.: 27/05/2001 | Cel.: +51 971428713 | Dir.: Calle Bolívar 6624 | Dist.: Pacasmayo | Lima.,"{""NOMBRES"": ""Juan Jose"", ""APELLIDOS"": ""Sucso Hancco"", ""TIPO_DOC"": ""DNI"", ""DNI"": ""34464938"", ""FECHA_NAC"": ""27/05/2001"", ""TELEFONO"": ""+51 971428713"", ""DISTRITO"": ""Pacasmayo"", ""DIRECCION"": ""Calle Bolívar 6624""}"
"Junior Galindo-Salgado, identificado con DNI 98010774; fecha de nacimiento 22/11/1979; teléfono +51-959394697; vive en Jr. Grau 8251 Lt 11, Putina, Lima.","{""NOMBRES"": ""Junior"", ""APELLIDOS"": ""Galindo-Salgado"", ""TIPO_DOC"": ""DNI"", ""DNI"": ""98010774"", ""FECHA_NAC"": ""22/11/1979"", ""TELEFONO"": ""+51-959394697"", ""DISTRITO"": ""Putina"", ""DIRECCION"": ""Jr. Grau 8251 Lt 11""}"
"Hoja de vida: Iván Hoyos Gamarra | Documento DNI: 49428661 | Nacimiento 30/05/1979 | Celular 954012664 | Dirección Jr. Libertad 7372  | Lima, Pucará.","{""NOMBRES"": ""Iván"", ""APELLIDOS"": ""Hoyos Gamarra"", ""TIPO_DOC"": ""DNI"", ""DNI"": ""49428661"", ""FECHA_NAC"": ""30/05/1979"", ""TELEFONO"": ""954012664"", ""DISTRITO"": ""Pucará"", ""DIRECCION"": ""Jr. Libertad 7372 ""}"
"Yo, César Vera Valverde; DNI 20071854; F. nac. 09-02-1995; tel. 958762794; resido en Lima, Tumbes, Urb. Bolognesi 7279 .","{""NOMBRES"": ""César"", ""APELLIDOS"": ""Vera Valverde"", ""TIPO_DOC"": ""DNI"", ""DNI"": ""20071854"", ""FECHA_NAC"": ""09-02-1995"", ""TELEFONO"": ""958762794"", ""DISTRITO"": ""Tumbes"", ""DIRECCION"": ""Urb. Bolognesi 7279 ""}"
Ricardo Samaniego Peña; doc: DNI 70387584; F. nac.: 25/07/2007; tel.: 969584522; Lima–Namora; Calle Bolognesi 4666 .,"{""NOMBRES"": ""Ricardo"", ""APELLIDOS"": ""Samaniego Peña"", ""TIPO_DOC"": ""DNI"", ""DNI"": ""70387584"", ""FECHA_NAC"": ""25/07/2007"", ""TELEFONO"": ""969584522"", ""DISTRITO"": ""Namora"", ""DIRECCION"": ""Calle Bolognesi 4666 ""}"
"Perfil: Anthony Paucara Guerrero | DNI: 69897763 | Nacimiento: 17 de agosto del 1974 | Teléfono: 948329479 | Av. Grau 2928 | Ayacucho, Lima.","{""NOMBRES"": ""Anthony"", ""APELLIDOS"": ""Paucara Guerrero"", ""TIPO_DOC"": ""DNI"", ""DNI"": ""69897763"", ""FECHA_NAC"": ""17 de agosto del 1974"", ""TELEFONO"": ""948329479"", ""DISTRITO"": ""Ayacucho"", ""DIRECCION"": ""Av. Grau 2928""}"
"Yo, Ana Sofia Tejada Reinoza, identificado con DNI 99635939, nacido el 02-08-1980, con celular 983819367, declaro vivir en Jr. Los Olivos 6022, Los Aquijes, Lima.","{""NOMBRES"": ""Ana Sofia"", ""APELLIDOS"": ""Tejada Reinoza"", ""TIPO_DOC"": ""DNI"", ""DNI"": ""99635939"", ""FECHA_NAC"": ""02-08-1980"", ""TELEFONO"": ""983819367"", ""DISTRITO"": ""Los Aquijes"", ""DIRECCION"": ""Jr. Los Olivos 6022""}"
Edwin; Bello Díaz; DNI: 86809773; Fecha de nac.: 20/07/1981; Cel.: +51 984040798; Dir.: Psje. Bolívar 6830; Dist.: Ichuña; Lima.,"{""NOMBRES"": ""Edwin"", ""APELLIDOS"": ""Bello Díaz"", ""TIPO_DOC"": ""DNI"", ""DNI"": ""86809773"", ""FECHA_NAC"": ""20/07/1981"", ""TELEFONO"": ""+51 984040798"", ""DISTRITO"": ""Ichuña"", ""DIRECCION"": ""Psje. Bolívar 6830""}"
"Señor(a), mis datos: Oscar Estrella Marín; DNI 56239991; nacido el 4 de octubre del 1970; teléfono 983994695; resido en Av. San Martín 8588 Depto 494, Florencia de Mora, Lima.","{""NOMBRES"": ""Oscar"", ""APELLIDOS"": ""Estrella Marín"", ""TIPO_DOC"": ""DNI"", ""DNI"": ""56239991"", ""FECHA_NAC"": ""4 de octubre del 1970"", ""TELEFONO"": ""983994695"", ""DISTRITO"": ""Florencia de Mora"", ""DIRECCION"": ""Av. San Martín 8588 Depto 494""}"
Solicitud: Carmen Vargas Ccopa | DNI 48124318 | 12/12/2002 | 936347197 | Urb. Bolívar 1630 | Lircay | Lima.,"{""NOMBRES"": ""Carmen"", ""APELLIDOS"": ""Vargas Ccopa"", ""TIPO_DOC"": ""DNI"", ""DNI"": ""48124318"", ""FECHA_NAC"": ""12/12/2002"", ""TELEFONO"": ""936347197"", ""DISTRITO"": ""Lircay"", ""DIRECCION"": ""Urb. Bolívar 1630""}"
"Resumen corto: Antonio Cornejo Pena, DNI 91220369, 23 de febrero del 1980, +51 985647532, Urb. Brasil 3553, Capachica, Lima.","{""NOMBRES"": ""Antonio"", ""APELLIDOS"": ""Cornejo Pena"", ""TIPO_DOC"": ""DNI"", ""DNI"": ""91220369"", ""FECHA_NAC"": ""23 de febrero del 1980"", ""TELEFONO"": ""+51 985647532"", ""DISTRITO"": ""Capachica"", ""DIRECCION"": ""Urb. Brasil 3553""}"
"Mi nombre completo es Vanessa Marín Estrella; cuento con DNI N° 74819756; nací el 27 de diciembre del 1975; mi celular es 964 504 816; domicilio en Psje. Grau 7709 Lt 15, Lima – Santa María del Mar.","{""NOMBRES"": ""Vanessa"", ""APELLIDOS"": ""Marín Estrella"", ""TIPO_DOC"": ""DNI"", ""DNI"": ""74819756"", ""FECHA_NAC"": ""27 de diciembre del 1975"", ""TELEFONO"": ""964 504 816"", ""DISTRITO"": ""Santa María del Mar"", ""DIRECCION"": ""Psje. Grau 7709 Lt 15""}"
Persona: María José Gonzales Quispehuanca. DNI 56354851. Nac. 20/11/1982. Cel 959733063. Domicilio Calle Grau 4161 . Distrito Jacobo Hunter. Lima.,"{""NOMBRES"": ""María José"", ""APELLIDOS"": ""Gonzales Quispehuanca"", ""TIPO_DOC"": ""DNI"", ""DNI"": ""56354851"", ""FECHA_NAC"": ""20/11/1982"", ""TELEFONO"": ""959733063"", ""DISTRITO"": ""Jacobo Hunter"", ""DIRECCION"": ""Calle Grau 4161 ""}"
Declaración simple: Carmen Cango; DNI 31434525; F. nac. 29/06/2001; Tel. 987535841; Dir. Psje. Grau 5155 ; Dist. Moche; Lima.,"{""NOMBRES"": ""Carmen"", ""APELLIDOS"": ""Cango"", ""TIPO_DOC"": ""DNI"", ""DNI"": ""31434525"", ""FECHA_NAC"": ""29/06/2001"", ""TELEFONO"": ""987535841"", ""DISTRITO"": ""Moche"", ""DIRECCION"": ""Psje. Grau 5155 ""}"
Registro rápido: Maria Isabel Matos; DNI 38876195; 03/03/1991; 916 783 418; Av. San Martín 7160 Interior 16; Chachapoyas-Lima.,"{""NOMBRES"": ""Maria Isabel"", ""APELLIDOS"": ""Matos"", ""TIPO_DOC"": ""DNI"", ""DNI"": ""38876195"", ""FECHA_NAC"": ""03/03/1991"", ""TELEFONO"": ""916 783 418"", ""DISTRITO"": ""Chachapoyas"", ""DIRECCION"": ""Av. San Martín 7160 Interior 16""}"
"Solicito registrar: Lucía Patricia Cruz Miranda; DNI 19869264; fecha 01-05-1982; celular 983 800 569; domicilio Av. Primavera 6214, Leymebamba, Lima.","{""NOMBRES"": ""Lucía Patricia"", ""APELLIDOS"": ""Cruz Miranda"", ""TIPO_DOC"": ""DNI"", ""DNI"": ""19869264"", ""FECHA_NAC"": ""01-05-1982"", ""TELEFONO"": ""983 800 569"", ""DISTRITO"": ""Leymebamba"", ""DIRECCION"": ""Av. Primavera 6214""}"
Identificado como Ana Cecilia Contreras Muñoz; DNI 78333267; nac. 03-01-1983; cel. +51 916080513; domicilio Jr. La Paz 8546 Lt 15; Lima / Santa María del Valle.,"{""NOMBRES"": ""Ana Cecilia"", ""APELLIDOS"": ""Contreras Muñoz"", ""TIPO_DOC"": ""DNI"", ""DNI"": ""78333267"", ""FECHA_NAC"": ""03-01-1983"", ""TELEFONO"": ""+51 916080513"", ""DISTRITO"": ""Santa María del Valle"", ""DIRECCION"": ""Jr. La Paz 8546 Lt 15""}"
Elizabeth Maldonado Ortega; doc: DNI 78412668; F. nac.: 17/11/1988; tel.: 985 554 415; Lima–Paimas; Av. Primavera 9663 .,"{""NOMBRES"": ""Elizabeth"", ""APELLIDOS"": ""Maldonado Ortega"", ""TIPO_DOC"": ""DNI"", ""DNI"": ""78412668"", ""FECHA_NAC"": ""17/11/1988"", ""TELEFONO"": ""985 554 415"", ""DISTRITO"": ""Paimas"", ""DIRECCION"": ""Av. Primavera 9663 ""}"
"Apellidos: Vásquez; Nombres: Ariana; Documento: DNI 87641510; Nacimiento: 29/11/1990; Teléfono: 916892773; Dirección: Psje. Los Álamos 4068 , Lima–Ollantaytambo.","{""NOMBRES"": ""Ariana"", ""APELLIDOS"": ""Vásquez"", ""TIPO_DOC"": ""DNI"", ""DNI"": ""87641510"", ""FECHA_NAC"": ""29/11/1990"", ""TELEFONO"": ""916892773"", ""DISTRITO"": ""Ollantaytambo"", ""DIRECCION"": ""Psje. Los Álamos 4068 ""}"
"Registro verbal: Me llamo Maria Paz Gonzales Pacheco, mi DNI es 37365878, nací el 30-05-1983, mi celular 992071195, vivo en Urb. Progreso 9289 , Tiquillaca, Lima.","{""NOMBRES"": ""Maria Paz"", ""APELLIDOS"": ""Gonzales Pacheco"", ""TIPO_DOC"": ""DNI"", ""DNI"": ""37365878"", ""FECHA_NAC"": ""30-05-1983"", ""TELEFONO"": ""992071195"", ""DISTRITO"": ""Tiquillaca"", ""DIRECCION"": ""Urb. Progreso 9289 ""}"
"Resumen: María Fernanda Vásquez Molina | DNI 81555103 | 10-05-1980 | 996343485 | Calle Bolívar 4990 Interior 16, Amotape, Lima.","{""NOMBRES"": ""María Fernanda"", ""APELLIDOS"": ""Vásquez Molina"", ""TIPO_DOC"": ""DNI"", ""DNI"": ""81555103"", ""FECHA_NAC"": ""10-05-1980"", ""TELEFONO"": ""996343485"", ""DISTRITO"": ""Amotape"", ""DIRECCION"": ""Calle Bolívar 4990 Interior 16""}"
Se consigna: Jose Fernández Cayo / DNI 46702849 / nacido el 29/11/1977 / contacto +51-982905845 / domicilio Calle Libertad 1394 Mz C / distrito Nuñoa / Lima.,"{""NOMBRES"": ""Jose"", ""APELLIDOS"": ""Fernández Cayo"", ""TIPO_DOC"": ""DNI"", ""DNI"": ""46702849"", ""FECHA_NAC"": ""29/11/1977"", ""TELEFONO"": ""+51-982905845"", ""DISTRITO"": ""Nuñoa"", ""DIRECCION"": ""Calle Libertad 1394 Mz C""}"
Formulario único — Ana Cecilia Bravo Quiroz — DNI 85432781 — F. Nac. 25/03/1996 — Tel. 924660143 — Dir. Urb. Progreso 3914 Mz A — Dist. Chota — Lima.,"{""NOMBRES"": ""Ana Cecilia"", ""APELLIDOS"": ""Bravo Quiroz"", ""TIPO_DOC"": ""DNI"", ""DNI"": ""85432781"", ""FECHA_NAC"": ""25/03/1996"", ""TELEFONO"": ""924660143"", ""DISTRITO"": ""Chota"", ""DIRECCION"": ""Urb. Progreso 3914 Mz A""}"
"El/La solicitante Martín Trejo Castaneda, DNI 31198492, nacido/a 03-04-1983, tel. +51-973847325, con domicilio Av. Los Olivos 1565, Chepén, Lima.","{""NOMBRES"": ""Martín"", ""APELLIDOS"": ""Trejo Castaneda"", ""TIPO_DOC"": ""DNI"", ""DNI"": ""31198492"", ""FECHA_NAC"": ""03-04-1983"", ""TELEFONO"": ""+51-973847325"", ""DISTRITO"": ""Chepén"", ""DIRECCION"": ""Av. Los Olivos 1565""}"
"Rafael Tello; DNI 33496796; fecha de nacimiento 30 de septiembre del 1983; teléfono 933593960; vive en Lima, distrito Lurín, dirección Calle Arequipa 251 Lt 30.","{""NOMBRES"": ""Rafael"", ""APELLIDOS"": ""Tello"", ""TIPO_DOC"": ""DNI"", ""DNI"": ""33496796"", ""FECHA_NAC"": ""30 de septiembre del 1983"", ""TELEFONO"": ""933593960"", ""DISTRITO"": ""Lurín"", ""DIRECCION"": ""Calle Arequipa 251 Lt 30""}"
"Soy Felipe Peralta Castillo; DNI n° 76291802; fecha de nacimiento 21 de noviembre del 2004; celular +51-977674279; resido en Lima, Poroto; Psje. Bolognesi 4315.","{""NOMBRES"": ""Felipe"", ""APELLIDOS"": ""Peralta Castillo"", ""TIPO_DOC"": ""DNI"", ""DNI"": ""76291802"", ""FECHA_NAC"": ""21 de noviembre del 2004"", ""TELEFONO"": ""+51-977674279"", ""DISTRITO"": ""Poroto"", ""DIRECCION"": ""Psje. Bolognesi 4315""}"
"Yo, Jhon Marin Salas; DNI 95728324; F. nac. 29/03/2005; tel. 967405358; resido en Lima, La Perla, Psje. La Unión 4164 Mz B.","{""NOMBRES"": ""Jhon"", ""APELLIDOS"": ""Marin Salas"", ""TIPO_DOC"": ""DNI"", ""DNI"": ""95728324"", ""FECHA_NAC"": ""29/03/2005"", ""TELEFONO"": ""967405358"", ""DISTRITO"": ""La Perla"", ""DIRECCION"": ""Psje. La Unión 4164 Mz B""}"
"Confirmo que mis datos son Ana Belén Herrera Salcedo, DNI 86890296, 07/07/1965, 958258264, Jr. Primavera 8333, San Juan de Lurigancho, Lima.","{""NOMBRES"": ""Ana Belén"", ""APELLIDOS"": ""Herrera Salcedo"", ""TIPO_DOC"": ""DNI"", ""DNI"": ""86890296"", ""FECHA_NAC"": ""07/07/1965"", ""TELEFONO"": ""958258264"", ""DISTRITO"": ""San Juan de Lurigancho"", ""DIRECCION"": ""Jr. Primavera 8333""}"
"Declaro bajo juramento: me llamo Juan Jose Palacios Ccopa, identificado con DNI 92493631, nacido el 28/11/1974, teléfono +51-927927298, con domicilio en Urb. Grau 8906, Chincha Alta, Lima.","{""NOMBRES"": ""Juan Jose"", ""APELLIDOS"": ""Palacios Ccopa"", ""TIPO_DOC"": ""DNI"", ""DNI"": ""92493631"", ""FECHA_NAC"": ""28/11/1974"", ""TELEFONO"": ""+51-927927298"", ""DISTRITO"": ""Chincha Alta"", ""DIRECCION"": ""Urb. Grau 8906""}"
"Perfil: Karina Espinosa Orellana | DNI: 58557943 | Nacimiento: 3 de julio del 1968 | Teléfono: +51 925060409 | Jr. Los Álamos 5475 | Acobambilla, Lima.","{""NOMBRES"": ""Karina"", ""APELLIDOS"": ""Espinosa Orellana"", ""TIPO_DOC"": ""DNI"", ""DNI"": ""58557943"", ""FECHA_NAC"": ""3 de julio del 1968"", ""TELEFONO"": ""+51 925060409"", ""DISTRITO"": ""Acobambilla"", ""DIRECCION"": ""Jr. Los Álamos 5475""}"
"Declaro bajo juramento: me llamo Karla Esquivel Gamarra, identificado con DNI 17467311, nacido el 05/05/1985, teléfono +51-965757342, con domicilio en Calle Libertad 456 , San Borja, Lima.","{""NOMBRES"": ""Karla"", ""APELLIDOS"": ""Esquivel Gamarra"", ""TIPO_DOC"": ""DNI"", ""DNI"": ""17467311"", ""FECHA_NAC"": ""05/05/1985"", ""TELEFONO"": ""+51-965757342"", ""DISTRITO"": ""San Borja"", ""DIRECCION"": ""Calle Libertad 456 ""}"
"Completo: María Elena Guerrero Ccopa; DNI N° 82633735; F. Nac.: 15 de septiembre del 1967; Cel.: 919263592; Domicilio: Jr. Los Olivos 6987 Mz D, Pisco, Lima.","{""NOMBRES"": ""María Elena"", ""APELLIDOS"": ""Guerrero Ccopa"", ""TIPO_DOC"": ""DNI"", ""DNI"": ""82633735"", ""FECHA_NAC"": ""15 de septiembre del 1967"", ""TELEFONO"": ""919263592"", ""DISTRITO"": ""Pisco"", ""DIRECCION"": ""Jr. Los Olivos 6987 Mz D""}"
Datos mínimos: Felipe Aguilar Camacho; DNI 82383656; 19-12-1970; Jr. Arequipa 472; Pacucha; Lima; Tel. +51 956676884.,"{""NOMBRES"": ""Felipe"", ""APELLIDOS"": ""Aguilar Camacho"", ""TIPO_DOC"": ""DNI"", ""DNI"": ""82383656"", ""FECHA_NAC"": ""19-12-1970"", ""TELEFONO"": ""+51 956676884"", ""DISTRITO"": ""Pacucha"", ""DIRECCION"": ""Jr. Arequipa 472""}"
Registro: Nombres Antonio; Apellidos Ccopa Valverde; DNI 30820038; Fecha de nacimiento 14/05/1977; Teléfono +51 925145751; Dirección Av. Progreso 3476 Lt 30; Ciudad Lima; Distrito Alto Nanay.,"{""NOMBRES"": ""Antonio"", ""APELLIDOS"": ""Ccopa Valverde"", ""TIPO_DOC"": ""DNI"", ""DNI"": ""30820038"", ""FECHA_NAC"": ""14/05/1977"", ""TELEFONO"": ""+51 925145751"", ""DISTRITO"": ""Alto Nanay"", ""DIRECCION"": ""Av. Progreso 3476 Lt 30""}"
"Ana Belén Cisneros-Santos; documento: DNI n° 15937353; nacido el 17/01/1983; contacto: 982 445 335; dirección: Calle Progreso 9538 Lt 17, distrito Capachica, Lima.","{""NOMBRES"": ""Ana Belén"", ""APELLIDOS"": ""Cisneros-Santos"", ""TIPO_DOC"": ""DNI"", ""DNI"": ""15937353"", ""FECHA_NAC"": ""17/01/1983"", ""TELEFONO"": ""982 445 335"", ""DISTRITO"": ""Capachica"", ""DIRECCION"": ""Calle Progreso 9538 Lt 17""}"
Datos para verificación: Álvaro Verónica Campos Yáñez; DNI 84721440; 20-07-2007; 933505978; Psje. Los Olivos 8692 Mz A; Lima/Moquegua.,"{""NOMBRES"": ""Álvaro Verónica"", ""APELLIDOS"": ""Campos Yáñez"", ""TIPO_DOC"": ""DNI"", ""DNI"": ""84721440"", ""FECHA_NAC"": ""20-07-2007"", ""TELEFONO"": ""933505978"", ""DISTRITO"": ""Moquegua"", ""DIRECCION"": ""Psje. Los Olivos 8692 Mz A""}"
"Mis datos personales son: Nombres Ana Isabel; Apellidos Yáñez Palomino; DNI 42342202; Fecha de nacimiento 06/02/2003; Teléfono 929374563; Vivo en Urb. Bolívar 2296 Interior 18, Huancarama, Lima.","{""NOMBRES"": ""Ana Isabel"", ""APELLIDOS"": ""Yáñez Palomino"", ""TIPO_DOC"": ""DNI"", ""DNI"": ""42342202"", ""FECHA_NAC"": ""06/02/2003"", ""TELEFONO"": ""929374563"", ""DISTRITO"": ""Huancarama"", ""DIRECCION"": ""Urb. Bolívar 2296 Interior 18""}"
Formulario único — Johanna Zapata Milla — DNI 35566010 — F. Nac. 25/04/1967 — Tel. 991197624 — Dir. Urb. Libertad 9256 Depto 138 — Dist. Vilque — Lima.,"{""NOMBRES"": ""Johanna"", ""APELLIDOS"": ""Zapata Milla"", ""TIPO_DOC"": ""DNI"", ""DNI"": ""35566010"", ""FECHA_NAC"": ""25/04/1967"", ""TELEFONO"": ""991197624"", ""DISTRITO"": ""Vilque"", ""DIRECCION"": ""Urb. Libertad 9256 Depto 138""}"
"Resumen: Ana Paula Barreto | DNI 38428357 | 15/01/2007 | 925745913 | Jr. Primavera 4021, Zarumilla, Lima.","{""NOMBRES"": ""Ana Paula"", ""APELLIDOS"": ""Barreto"", ""TIPO_DOC"": ""DNI"", ""DNI"": ""38428357"", ""FECHA_NAC"": ""15/01/2007"", ""TELEFONO"": ""925745913"", ""DISTRITO"": ""Zarumilla"", ""DIRECCION"": ""Jr. Primavera 4021""}"
"Me llamo Jimena Valencia Padilla. Mi DNI es 72546007. Nací el 4 de junio del 1969. Teléfono 973013937. Vivo en Lima (distrito Sapallanga), dirección Av. La Paz 3725.","{""NOMBRES"": ""Jimena"", ""APELLIDOS"": ""Valencia Padilla"", ""TIPO_DOC"": ""DNI"", ""DNI"": ""72546007"", ""FECHA_NAC"": ""4 de junio del 1969"", ""TELEFONO"": ""973013937"", ""DISTRITO"": ""Sapallanga"", ""DIRECCION"": ""Av. La Paz 3725""}"
"Consta que Rosa María Salazar porta el DNI 87731247, nacido el 19/04/1997, con teléfono +51 930456313, domiciliado en Psje. Bolívar 5630 Mz G, Lambayeque, Lima.","{""NOMBRES"": ""Rosa María"", ""APELLIDOS"": ""Salazar"", ""TIPO_DOC"": ""DNI"", ""DNI"": ""87731247"", ""FECHA_NAC"": ""19/04/1997"", ""TELEFONO"": ""+51 930456313"", ""DISTRITO"": ""Lambayeque"", ""DIRECCION"": ""Psje. Bolívar 5630 Mz G""}"
Datos para verificación: Rosa Maria Trejo Muñoz; DNI 83356206; 27/11/1986; 982764376; Av. Bolognesi 894; Lima/Santa María de Nieva.,"{""NOMBRES"": ""Rosa Maria"", ""APELLIDOS"": ""Trejo Muñoz"", ""TIPO_DOC"": ""DNI"", ""DNI"": ""83356206"", ""FECHA_NAC"": ""27/11/1986"", ""TELEFONO"": ""982764376"", ""DISTRITO"": ""Santa María de Nieva"", ""DIRECCION"": ""Av. Bolognesi 894""}"
"Soy Nancy Villar-Gutiérrez; DNI n° 77878323; fecha de nacimiento 16/06/1985; celular 992924441; resido en Lima, Pedro Gálvez; Av. Arequipa 8819.","{""NOMBRES"": ""Nancy"", ""APELLIDOS"": ""Villar-Gutiérrez"", ""TIPO_DOC"": ""DNI"", ""DNI"": ""77878323"", ""FECHA_NAC"": ""16/06/1985"", ""TELEFONO"": ""992924441"", ""DISTRITO"": ""Pedro Gálvez"", ""DIRECCION"": ""Av. Arequipa 8819""}"
"Laura Nunez Bernal, identificado con DNI 67790557; fecha de nacimiento 1 de marzo del 2001; teléfono +51 934060788; vive en Urb. Bolívar 4235, Alto Selva Alegre, Lima.","{""NOMBRES"": ""Laura"", ""APELLIDOS"": ""Nunez Bernal"", ""TIPO_DOC"": ""DNI"", ""DNI"": ""67790557"", ""FECHA_NAC"": ""1 de marzo del 2001"", ""TELEFONO"": ""+51 934060788"", ""DISTRITO"": ""Alto Selva Alegre"", ""DIRECCION"": ""Urb. Bolívar 4235""}"
"Soy Fernando Fernández Vasquez; DNI n° 40314047; fecha de nacimiento 16-06-1978; celular 920820219; resido en Lima, Yungar; Psje. Primavera 9155 .","{""NOMBRES"": ""Fernando"", ""APELLIDOS"": ""Fernández Vasquez"", ""TIPO_DOC"": ""DNI"", ""DNI"": ""40314047"", ""FECHA_NAC"": ""16-06-1978"", ""TELEFONO"": ""920820219"", ""DISTRITO"": ""Yungar"", ""DIRECCION"": ""Psje. Primavera 9155 ""}"
Registro: Nombres Vanessa; Apellidos Villar Zúñiga; DNI 22799248; Fecha de nacimiento 20-02-2005; Teléfono 915 711 200; Dirección Av. San Martín 4693; Ciudad Lima; Distrito Vilcas Huamán.,"{""NOMBRES"": ""Vanessa"", ""APELLIDOS"": ""Villar Zúñiga"", ""TIPO_DOC"": ""DNI"", ""DNI"": ""22799248"", ""FECHA_NAC"": ""20-02-2005"", ""TELEFONO"": ""915 711 200"", ""DISTRITO"": ""Vilcas Huamán"", ""DIRECCION"": ""Av. San Martín 4693""}"
"Yo soy David Rocha Valdivia; DNI 63458386; nací el 01/09/2006; número 931803703; vivo en Jr. Los Olivos 1384; Llacanora, Lima.","{""NOMBRES"": ""David"", ""APELLIDOS"": ""Rocha Valdivia"", ""TIPO_DOC"": ""DNI"", ""DNI"": ""63458386"", ""FECHA_NAC"": ""01/09/2006"", ""TELEFONO"": ""931803703"", ""DISTRITO"": ""Llacanora"", ""DIRECCION"": ""Jr. Los Olivos 1384""}"
Ficha: Nombre Jose Maria; Apellidos González-Ruiz; Doc. DNI 91224373; Nac. 01-07-1999; Cel. +51-989941241; Dir. Psje. Grau 3837 Mz F; Zona Lima/Achoma.,"{""NOMBRES"": ""Jose Maria"", ""APELLIDOS"": ""González-Ruiz"", ""TIPO_DOC"": ""DNI"", ""DNI"": ""91224373"", ""FECHA_NAC"": ""01-07-1999"", ""TELEFONO"": ""+51-989941241"", ""DISTRITO"": ""Achoma"", ""DIRECCION"": ""Psje. Grau 3837 Mz F""}"
"Perfil: Jorge Beltrán Santibáñez | DNI: 19865900 | Nacimiento: 06/09/1968 | Teléfono: 961002735 | Av. San Martín 185 | Yantalo, Lima.","{""NOMBRES"": ""Jorge"", ""APELLIDOS"": ""Beltrán Santibáñez"", ""TIPO_DOC"": ""DNI"", ""DNI"": ""19865900"", ""FECHA_NAC"": ""06/09/1968"", ""TELEFONO"": ""961002735"", ""DISTRITO"": ""Yantalo"", ""DIRECCION"": ""Av. San Martín 185""}"
"Me identifico como Hugo Peña Soto; documento DNI No. 84757265; nacido el 19-11-1989; número de celular +51 923863742; dirección Calle Primavera 302 Mz E, Lima – Macate.","{""NOMBRES"": ""Hugo"", ""APELLIDOS"": ""Peña Soto"", ""TIPO_DOC"": ""DNI"", ""DNI"": ""84757265"", ""FECHA_NAC"": ""19-11-1989"", ""TELEFONO"": ""+51 923863742"", ""DISTRITO"": ""Macate"", ""DIRECCION"": ""Calle Primavera 302 Mz E""}"
"Registro verbal: Me llamo Eduardo Figueroa, mi DNI es 42580349, nací el 28-08-1990, mi celular +51 961100987, vivo en Av. Los Álamos 7221 Interior 9, Colán, Lima.","{""NOMBRES"": ""Eduardo"", ""APELLIDOS"": ""Figueroa"", ""TIPO_DOC"": ""DNI"", ""DNI"": ""42580349"", ""FECHA_NAC"": ""28-08-1990"", ""TELEFONO"": ""+51 961100987"", ""DISTRITO"": ""Colán"", ""DIRECCION"": ""Av. Los Álamos 7221 Interior 9""}"
"Contacto: María Valentina Nunes Fernández / DNI 93890601 / Nacido: 30-03-1987 / Cel: +51-936246038 / Urb. Primavera 5499 Mz D, Yarabamba, Lima.","{""NOMBRES"": ""María Valentina"", ""APELLIDOS"": ""Nunes Fernández"", ""TIPO_DOC"": ""DNI"", ""DNI"": ""93890601"", ""FECHA_NAC"": ""30-03-1987"", ""TELEFONO"": ""+51-936246038"", ""DISTRITO"": ""Yarabamba"", ""DIRECCION"": ""Urb. Primavera 5499 Mz D""}"
Registro rápido: María Elena Rivas Marín; DNI 52168966; 20 de diciembre del 1972; 952 833 932; Jr. La Unión 6261 Mz E; Curimaná-Lima.,"{""NOMBRES"": ""María Elena"", ""APELLIDOS"": ""Rivas Marín"", ""TIPO_DOC"": ""DNI"", ""DNI"": ""52168966"", ""FECHA_NAC"": ""20 de diciembre del 1972"", ""TELEFONO"": ""952 833 932"", ""DISTRITO"": ""Curimaná"", ""DIRECCION"": ""Jr. La Unión 6261 Mz E""}"
"Contacto: Felipe Nieto Rentería / DNI 83833059 / Nacido: 17 de marzo del 1966 / Cel: 971957885 / Av. Los Olivos 6803, Pimentel, Lima.","{""NOMBRES"": ""Felipe"", ""APELLIDOS"": ""Nieto Rentería"", ""TIPO_DOC"": ""DNI"", ""DNI"": ""83833059"", ""FECHA_NAC"": ""17 de marzo del 1966"", ""TELEFONO"": ""971957885"", ""DISTRITO"": ""Pimentel"", ""DIRECCION"": ""Av. Los Olivos 6803""}"
"Me identifico como Jorge Cornejo Caceres; documento DNI No. 70272714; nacido el 28/10/1991; número de celular 963795149; dirección Calle Libertad 8896, Lima – Moya.","{""NOMBRES"": ""Jorge"", ""APELLIDOS"": ""Cornejo Caceres"", ""TIPO_DOC"": ""DNI"", ""DNI"": ""70272714"", ""FECHA_NAC"": ""28/10/1991"", ""TELEFONO"": ""963795149"", ""DISTRITO"": ""Moya"", ""DIRECCION"": ""Calle Libertad 8896""}"
"Identificación corta: Janet Zúñiga Sucso, DNI 15945401, 7 de abril del 1990, +51-996804457, Av. Brasil 3737, La Cruz (Lima).","{""NOMBRES"": ""Janet"", ""APELLIDOS"": ""Zúñiga Sucso"", ""TIPO_DOC"": ""DNI"", ""DNI"": ""15945401"", ""FECHA_NAC"": ""7 de abril del 1990"", ""TELEFONO"": ""+51-996804457"", ""DISTRITO"": ""La Cruz"", ""DIRECCION"": ""Av. Brasil 3737""}"
"Mi nombre completo es Ana Cecilia Castaneda Barrios; cuento con DNI N° 62497139; nací el 9 de octubre del 1985; mi celular es 988999206; domicilio en Calle Primavera 1506 , Lima – Cusco.","{""NOMBRES"": ""Ana Cecilia"", ""APELLIDOS"": ""Castaneda Barrios"", ""TIPO_DOC"": ""DNI"", ""DNI"": ""62497139"", ""FECHA_NAC"": ""9 de octubre del 1985"", ""TELEFONO"": ""988999206"", ""DISTRITO"": ""Cusco"", ""DIRECCION"": ""Calle Primavera 1506 ""}"
Solicitud: Roberto Rentería Maita | DNI 68809636 | 22-05-1997 | +51 952803305 | Calle Bolognesi 1891 | Pucusana | Lima.,"{""NOMBRES"": ""Roberto"", ""APELLIDOS"": ""Rentería Maita"", ""TIPO_DOC"": ""DNI"", ""DNI"": ""68809636"", ""FECHA_NAC"": ""22-05-1997"", ""TELEFONO"": ""+51 952803305"", ""DISTRITO"": ""Pucusana"", ""DIRECCION"": ""Calle Bolognesi 1891""}"
Sofia Vasquez Salgado – DNI: 85141654 – F.N.: 16 de febrero del 1984 – Cel.: 941119124 – Dir.: Psje. Primavera 578 – Dist.: Morales – Lima.,"{""NOMBRES"": ""Sofia"", ""APELLIDOS"": ""Vasquez Salgado"", ""TIPO_DOC"": ""DNI"", ""DNI"": ""85141654"", ""FECHA_NAC"": ""16 de febrero del 1984"", ""TELEFONO"": ""941119124"", ""DISTRITO"": ""Morales"", ""DIRECCION"": ""Psje. Primavera 578""}"
Declaración simple: Jesus Maita Yanez; DNI 18397164; F. nac. 25/11/1990; Tel. +51 982060023; Dir. Psje. Bolívar 5234; Dist. Perene; Lima.,"{""NOMBRES"": ""Jesus"", ""APELLIDOS"": ""Maita Yanez"", ""TIPO_DOC"": ""DNI"", ""DNI"": ""18397164"", ""FECHA_NAC"": ""25/11/1990"", ""TELEFONO"": ""+51 982060023"", ""DISTRITO"": ""Perene"", ""DIRECCION"": ""Psje. Bolívar 5234""}"
"Mi nombre completo es Maria Camila Vásquez Reinoza; cuento con DNI N° 33156250; nací el 03-07-2001; mi celular es 949922369; domicilio en Jr. Brasil 2016 , Lima – Celendín.","{""NOMBRES"": ""Maria Camila"", ""APELLIDOS"": ""Vásquez Reinoza"", ""TIPO_DOC"": ""DNI"", ""DNI"": ""33156250"", ""FECHA_NAC"": ""03-07-2001"", ""TELEFONO"": ""949922369"", ""DISTRITO"": ""Celendín"", ""DIRECCION"": ""Jr. Brasil 2016 ""}"
"Declaro que me llamo María de los Ángeles Cisneros Cáceres; mi DNI n.º 66779304; nací el 02/05/1973; teléfono 982125824; vivo en Calle Los Álamos 3165 Mz B, distrito Saposoa, Lima.","{""NOMBRES"": ""María de los Ángeles"", ""APELLIDOS"": ""Cisneros Cáceres"", ""TIPO_DOC"": ""DNI"", ""DNI"": ""66779304"", ""FECHA_NAC"": ""02/05/1973"", ""TELEFONO"": ""982125824"", ""DISTRITO"": ""Saposoa"", ""DIRECCION"": ""Calle Los Álamos 3165 Mz B""}"
Nombre Ximena Ana Lucía; Apellido(s) Santibáñez Calla; DNI 97653539; F. nac 16/03/1987; Cel +51-975998330; Dir Urb. Arequipa 3713 Interior 16; Lima–Aco.,"{""NOMBRES"": ""Ximena Ana Lucía"", ""APELLIDOS"": ""Santibáñez Calla"", ""TIPO_DOC"": ""DNI"", ""DNI"": ""97653539"", ""FECHA_NAC"": ""16/03/1987"", ""TELEFONO"": ""+51-975998330"", ""DISTRITO"": ""Aco"", ""DIRECCION"": ""Urb. Arequipa 3713 Interior 16""}"
"Yo Julio Muñoz Pena, con DNI 78559218, nací el 29-01-1970; mi teléfono es 945955440; vivo en Av. Los Olivos 7331 (Lima, Jilili).","{""NOMBRES"": ""Julio"", ""APELLIDOS"": ""Muñoz Pena"", ""TIPO_DOC"": ""DNI"", ""DNI"": ""78559218"", ""FECHA_NAC"": ""29-01-1970"", ""TELEFONO"": ""945955440"", ""DISTRITO"": ""Jilili"", ""DIRECCION"": ""Av. Los Olivos 7331""}"
"Yo Juan Valverde Colque, con DNI 56785209, nací el 5 de septiembre del 2003; mi teléfono es 968930964; vivo en Urb. Libertad 5844 (Lima, Polobaya).","{""NOMBRES"": ""Juan"", ""APELLIDOS"": ""Valverde Colque"", ""TIPO_DOC"": ""DNI"", ""DNI"": ""56785209"", ""FECHA_NAC"": ""5 de septiembre del 2003"", ""TELEFONO"": ""968930964"", ""DISTRITO"": ""Polobaya"", ""DIRECCION"": ""Urb. Libertad 5844""}"
"Datos: Ana Paula Quispehuamán Rentería — DNI 17966873 — F. nac. 29/07/1990 — Tel. 947726592 — Calle Bolívar 1660 Mz C, Urubamba, Lima.","{""NOMBRES"": ""Ana Paula"", ""APELLIDOS"": ""Quispehuamán Rentería"", ""TIPO_DOC"": ""DNI"", ""DNI"": ""17966873"", ""FECHA_NAC"": ""29/07/1990"", ""TELEFONO"": ""947726592"", ""DISTRITO"": ""Urubamba"", ""DIRECCION"": ""Calle Bolívar 1660 Mz C""}"
"Soy Ángel Sandoval Nieto. DNI: 53231088. F. nacimiento: 01/03/2002. Celular: +51-962707402. Vivo en Psje. Grau 1337, Jaén, Lima.","{""NOMBRES"": ""Ángel"", ""APELLIDOS"": ""Sandoval Nieto"", ""TIPO_DOC"": ""DNI"", ""DNI"": ""53231088"", ""FECHA_NAC"": ""01/03/2002"", ""TELEFONO"": ""+51-962707402"", ""DISTRITO"": ""Jaén"", ""DIRECCION"": ""Psje. Grau 1337""}"
"Declaro bajo juramento: me llamo Carmen Valdivia, identificado con DNI 71028216, nacido el 17/08/2007, teléfono +51 988108751, con domicilio en Calle San Martín 8856 Mz F, Achoma, Lima.","{""NOMBRES"": ""Carmen"", ""APELLIDOS"": ""Valdivia"", ""TIPO_DOC"": ""DNI"", ""DNI"": ""71028216"", ""FECHA_NAC"": ""17/08/2007"", ""TELEFONO"": ""+51 988108751"", ""DISTRITO"": ""Achoma"", ""DIRECCION"": ""Calle San Martín 8856 Mz F""}"
"Señor(a), mis datos: Carlos Alberto Mendoza García; DNI 87568940; nacido el 10-11-1970; teléfono 975140950; resido en Psje. Arequipa 2135, San Juan de Marcona, Lima.","{""NOMBRES"": ""Carlos Alberto"", ""APELLIDOS"": ""Mendoza García"", ""TIPO_DOC"": ""DNI"", ""DNI"": ""87568940"", ""FECHA_NAC"": ""10-11-1970"", ""TELEFONO"": ""975140950"", ""DISTRITO"": ""San Juan de Marcona"", ""DIRECCION"": ""Psje. Arequipa 2135""}"
"El/La solicitante Jaime Valverde Zúñiga, DNI 97241147, nacido/a 17/07/1978, tel. +51 946778269, con domicilio Jr. Arequipa 6593, Huaraz, Lima.","{""NOMBRES"": ""Jaime"", ""APELLIDOS"": ""Valverde Zúñiga"", ""TIPO_DOC"": ""DNI"", ""DNI"": ""97241147"", ""FECHA_NAC"": ""17/07/1978"", ""TELEFONO"": ""+51 946778269"", ""DISTRITO"": ""Huaraz"", ""DIRECCION"": ""Jr. Arequipa 6593""}"
"Alex Fernández Luna; DNI 40358823; fecha de nacimiento 20-04-1988; teléfono +51 911246473; vive en Lima, distrito Nuevo Chimbote, dirección Psje. San Martín 3851 .","{""NOMBRES"": ""Alex"", ""APELLIDOS"": ""Fernández Luna"", ""TIPO_DOC"": ""DNI"", ""DNI"": ""40358823"", ""FECHA_NAC"": ""20-04-1988"", ""TELEFONO"": ""+51 911246473"", ""DISTRITO"": ""Nuevo Chimbote"", ""DIRECCION"": ""Psje. San Martín 3851 ""}"
"Claudia Trejo Bernal, documento DNI n° 27870584, fecha de nacimiento 12 de octubre del 1993, fono +51 929173414, dirección Psje. La Unión 3590, distrito Baños del Inca, Lima.","{""NOMBRES"": ""Claudia"", ""APELLIDOS"": ""Trejo Bernal"", ""TIPO_DOC"": ""DNI"", ""DNI"": ""27870584"", ""FECHA_NAC"": ""12 de octubre del 1993"", ""TELEFONO"": ""+51 929173414"", ""DISTRITO"": ""Baños del Inca"", ""DIRECCION"": ""Psje. La Unión 3590""}"
"Resumen: Paul Montoya Jiménez | DNI 26529882 | 13-06-1991 | 957182314 | Av. Progreso 9166, Viques, Lima.","{""NOMBRES"": ""Paul"", ""APELLIDOS"": ""Montoya Jiménez"", ""TIPO_DOC"": ""DNI"", ""DNI"": ""26529882"", ""FECHA_NAC"": ""13-06-1991"", ""TELEFONO"": ""957182314"", ""DISTRITO"": ""Viques"", ""DIRECCION"": ""Av. Progreso 9166""}"
Ricardo; Ruiz Esquivel; DNI: 37574457; Fecha de nac.: 23-03-1988; Cel.: 935319707; Dir.: Jr. Grau 6422 Mz G; Dist.: El Tambo; Lima.,"{""NOMBRES"": ""Ricardo"", ""APELLIDOS"": ""Ruiz Esquivel"", ""TIPO_DOC"": ""DNI"", ""DNI"": ""37574457"", ""FECHA_NAC"": ""23-03-1988"", ""TELEFONO"": ""935319707"", ""DISTRITO"": ""El Tambo"", ""DIRECCION"": ""Jr. Grau 6422 Mz G""}"
Valeria Fernanda; Barreto; DNI: 58465780; Fecha de nac.: 23/11/2006; Cel.: 961920550; Dir.: Jr. Los Olivos 7817; Dist.: Los Baños del Inca; Lima.,"{""NOMBRES"": ""Valeria Fernanda"", ""APELLIDOS"": ""Barreto"", ""TIPO_DOC"": ""DNI"", ""DNI"": ""58465780"", ""FECHA_NAC"": ""23/11/2006"", ""TELEFONO"": ""961920550"", ""DISTRITO"": ""Los Baños del Inca"", ""DIRECCION"": ""Jr. Los Olivos 7817""}"
"Me identifico como Laura Jesús Marín; documento DNI No. 63415303; nacido el 23/09/1987; número de celular 977249653; dirección Urb. Bolívar 2601 Interior 13, Lima – La Yarada-Los Palos.","{""NOMBRES"": ""Laura Jesús"", ""APELLIDOS"": ""Marín"", ""TIPO_DOC"": ""DNI"", ""DNI"": ""63415303"", ""FECHA_NAC"": ""23/09/1987"", ""TELEFONO"": ""977249653"", ""DISTRITO"": ""La Yarada-Los Palos"", ""DIRECCION"": ""Urb. Bolívar 2601 Interior 13""}"
"Apellidos: Orellana Barrios; Nombres: María de los Ángeles; Documento: DNI 53855682; Nacimiento: 12-07-1982; Teléfono: 997219985; Dirección: Jr. Arequipa 4105 Mz F, Lima–San Luis.","{""NOMBRES"": ""María de los Ángeles"", ""APELLIDOS"": ""Orellana Barrios"", ""TIPO_DOC"": ""DNI"", ""DNI"": ""53855682"", ""FECHA_NAC"": ""12-07-1982"", ""TELEFONO"": ""997219985"", ""DISTRITO"": ""San Luis"", ""DIRECCION"": ""Jr. Arequipa 4105 Mz F""}"
"Maria Jose León Paredes, identificado con DNI 98322292; fecha de nacimiento 23/03/1998; teléfono 911699863; vive en Urb. Bolívar 4347 Depto 106, Iparía, Lima.","{""NOMBRES"": ""Maria Jose"", ""APELLIDOS"": ""León Paredes"", ""TIPO_DOC"": ""DNI"", ""DNI"": ""98322292"", ""FECHA_NAC"": ""23/03/1998"", ""TELEFONO"": ""911699863"", ""DISTRITO"": ""Iparía"", ""DIRECCION"": ""Urb. Bolívar 4347 Depto 106""}"
Solicitud: Víctor Ibarra | DNI 54964418 | 16/03/2001 | +51 980310522 | Urb. La Unión 1008 Lt 15 | Pillco Marca | Lima.,"{""NOMBRES"": ""Víctor"", ""APELLIDOS"": ""Ibarra"", ""TIPO_DOC"": ""DNI"", ""DNI"": ""54964418"", ""FECHA_NAC"": ""16/03/2001"", ""TELEFONO"": ""+51 980310522"", ""DISTRITO"": ""Pillco Marca"", ""DIRECCION"": ""Urb. La Unión 1008 Lt 15""}"
"Resumen corto: Luis Enrique Franco Galindo, DNI 25479814, 01-04-1975, +51 910344739, Calle Primavera 2558 , Platería, Lima.","{""NOMBRES"": ""Luis Enrique"", ""APELLIDOS"": ""Franco Galindo"", ""TIPO_DOC"": ""DNI"", ""DNI"": ""25479814"", ""FECHA_NAC"": ""01-04-1975"", ""TELEFONO"": ""+51 910344739"", ""DISTRITO"": ""Platería"", ""DIRECCION"": ""Calle Primavera 2558 ""}"
"Resumen: María Emilia Tello Huamán | DNI 46407626 | 20/01/2002 | +51 960037465 | Urb. Arequipa 6668 Mz B, Requena, Lima.","{""NOMBRES"": ""María Emilia"", ""APELLIDOS"": ""Tello Huamán"", ""TIPO_DOC"": ""DNI"", ""DNI"": ""46407626"", ""FECHA_NAC"": ""20/01/2002"", ""TELEFONO"": ""+51 960037465"", ""DISTRITO"": ""Requena"", ""DIRECCION"": ""Urb. Arequipa 6668 Mz B""}"
Datos básicos: Silvia Suarez-Maldonado; DNI 36933626; 30-01-1978; 950790016; Jr. Libertad 9054; Cura Mori; Lima.,"{""NOMBRES"": ""Silvia"", ""APELLIDOS"": ""Suarez-Maldonado"", ""TIPO_DOC"": ""DNI"", ""DNI"": ""36933626"", ""FECHA_NAC"": ""30-01-1978"", ""TELEFONO"": ""950790016"", ""DISTRITO"": ""Cura Mori"", ""DIRECCION"": ""Jr. Libertad 9054""}"
"Mi nombre completo es Silvia Costa Ramírez; cuento con DNI N° 11287794; nací el 30/08/2007; mi celular es +51-998221829; domicilio en Urb. Progreso 6978 , Lima – Oxapampa.","{""NOMBRES"": ""Silvia"", ""APELLIDOS"": ""Costa Ramírez"", ""TIPO_DOC"": ""DNI"", ""DNI"": ""11287794"", ""FECHA_NAC"": ""30/08/2007"", ""TELEFONO"": ""+51-998221829"", ""DISTRITO"": ""Oxapampa"", ""DIRECCION"": ""Urb. Progreso 6978 ""}"
"Datos: Luis Enrique Santos Orellana — DNI 79760901 — F. nac. 13-07-1983 — Tel. +51-959995026 — Jr. Bolognesi 6561 Lt 17, Tinyahuarco, Lima.","{""NOMBRES"": ""Luis Enrique"", ""APELLIDOS"": ""Santos Orellana"", ""TIPO_DOC"": ""DNI"", ""DNI"": ""79760901"", ""FECHA_NAC"": ""13-07-1983"", ""TELEFONO"": ""+51-959995026"", ""DISTRITO"": ""Tinyahuarco"", ""DIRECCION"": ""Jr. Bolognesi 6561 Lt 17""}"
"Contacto: Marco Antonio Campos / DNI 41778964 / Nacido: 31/01/1978 / Cel: 952279780 / Calle Progreso 1323, Ayaviri, Lima.","{""NOMBRES"": ""Marco Antonio"", ""APELLIDOS"": ""Campos"", ""TIPO_DOC"": ""DNI"", ""DNI"": ""41778964"", ""FECHA_NAC"": ""31/01/1978"", ""TELEFONO"": ""952279780"", ""DISTRITO"": ""Ayaviri"", ""DIRECCION"": ""Calle Progreso 1323""}"
"Mis nombres: Anthony; mis apellidos: Nunez Campos; mi doc.: DNI 52148834; nací el 28/03/1983; mi cel: 958088526; vivo en Av. San Martín 2682, José Leonardo Ortiz, Lima.","{""NOMBRES"": ""Anthony"", ""APELLIDOS"": ""Nunez Campos"", ""TIPO_DOC"": ""DNI"", ""DNI"": ""52148834"", ""FECHA_NAC"": ""28/03/1983"", ""TELEFONO"": ""958088526"", ""DISTRITO"": ""José Leonardo Ortiz"", ""DIRECCION"": ""Av. San Martín 2682""}"
"Mónica Quispehuanca Suarez; DNI 43315361; fecha de nacimiento 16/12/1980; teléfono 916570040; vive en Lima, distrito Ignacio Escudero, dirección Psje. Bolívar 9113 Mz D.","{""NOMBRES"": ""Mónica"", ""APELLIDOS"": ""Quispehuanca Suarez"", ""TIPO_DOC"": ""DNI"", ""DNI"": ""43315361"", ""FECHA_NAC"": ""16/12/1980"", ""TELEFONO"": ""916570040"", ""DISTRITO"": ""Ignacio Escudero"", ""DIRECCION"": ""Psje. Bolívar 9113 Mz D""}"
Henry García Trujillo – DNI: 39835008 – F.N.: 12/11/1970 – Cel.: +51-963765180 – Dir.: Calle San Martín 457 – Dist.: Morales – Lima.,"{""NOMBRES"": ""Henry"", ""APELLIDOS"": ""García Trujillo"", ""TIPO_DOC"": ""DNI"", ""DNI"": ""39835008"", ""FECHA_NAC"": ""12/11/1970"", ""TELEFONO"": ""+51-963765180"", ""DISTRITO"": ""Morales"", ""DIRECCION"": ""Calle San Martín 457""}"
"Identificación: Diana Rojas (DNI 54499873); Nacimiento 01/07/1970; Contacto +51 971873691; Domicilio Psje. Grau 583 Mz G, Distrito Cuenca, Lima.","{""NOMBRES"": ""Diana"", ""APELLIDOS"": ""Rojas"", ""TIPO_DOC"": ""DNI"", ""DNI"": ""54499873"", ""FECHA_NAC"": ""01/07/1970"", ""TELEFONO"": ""+51 971873691"", ""DISTRITO"": ""Cuenca"", ""DIRECCION"": ""Psje. Grau 583 Mz G""}"
Ficha de identificación — Nombre: Raúl Fernando; Apellidos: Vásquez; Doc.: DNI 46907428; Nac.: 22/07/1977; Cel.: +51 929948970; Dir.: Psje. Primavera 9122 ; Dist.: Cajaruro; Lima.,"{""NOMBRES"": ""Raúl Fernando"", ""APELLIDOS"": ""Vásquez"", ""TIPO_DOC"": ""DNI"", ""DNI"": ""46907428"", ""FECHA_NAC"": ""22/07/1977"", ""TELEFONO"": ""+51 929948970"", ""DISTRITO"": ""Cajaruro"", ""DIRECCION"": ""Psje. Primavera 9122 ""}"
"Yo, Ana Lucia Trejo Flores, DNI 80573568, nacido el 06-03-1976, tel. 982968364, domicilio Psje. La Unión 9367, Lima – Ilave.","{""NOMBRES"": ""Ana Lucia"", ""APELLIDOS"": ""Trejo Flores"", ""TIPO_DOC"": ""DNI"", ""DNI"": ""80573568"", ""FECHA_NAC"": ""06-03-1976"", ""TELEFONO"": ""982968364"", ""DISTRITO"": ""Ilave"", ""DIRECCION"": ""Psje. La Unión 9367""}"
"Datos: Luis Fernando Paredes Zúñiga — DNI 47706144 — F. nac. 18 de agosto del 1967 — Tel. 973308406 — Jr. Bolognesi 4051 , Chivay, Lima.","{""NOMBRES"": ""Luis Fernando"", ""APELLIDOS"": ""Paredes Zúñiga"", ""TIPO_DOC"": ""DNI"", ""DNI"": ""47706144"", ""FECHA_NAC"": ""18 de agosto del 1967"", ""TELEFONO"": ""973308406"", ""DISTRITO"": ""Chivay"", ""DIRECCION"": ""Jr. Bolognesi 4051 ""}"
"Se registra al ciudadano Lucía Flores Pineda — DNI 33315234 — nacido 25/11/1972 — celular 952681823 — residencia Calle La Paz 9334 Depto 284, Aguaytía, Lima.","{""NOMBRES"": ""Lucía"", ""APELLIDOS"": ""Flores Pineda"", ""TIPO_DOC"": ""DNI"", ""DNI"": ""33315234"", ""FECHA_NAC"": ""25/11/1972"", ""TELEFONO"": ""952681823"", ""DISTRITO"": ""Aguaytía"", ""DIRECCION"": ""Calle La Paz 9334 Depto 284""}"
"Mi nombre completo es Vanessa Reyna Orellana; cuento con DNI N° 80658723; nací el 11/06/1986; mi celular es 992 427 773; domicilio en Calle Arequipa 459 , Lima – Uchumayo.","{""NOMBRES"": ""Vanessa"", ""APELLIDOS"": ""Reyna Orellana"", ""TIPO_DOC"": ""DNI"", ""DNI"": ""80658723"", ""FECHA_NAC"": ""11/06/1986"", ""TELEFONO"": ""992 427 773"", ""DISTRITO"": ""Uchumayo"", ""DIRECCION"": ""Calle Arequipa 459 ""}"
"Identificación: Silvia Iglesias (DNI 60142505); Nacimiento 9 de agosto del 1996; Contacto 963095937; Domicilio Psje. Los Olivos 8082, Distrito Huaricolca, Lima.","{""NOMBRES"": ""Silvia"", ""APELLIDOS"": ""Iglesias"", ""TIPO_DOC"": ""DNI"", ""DNI"": ""60142505"", ""FECHA_NAC"": ""9 de agosto del 1996"", ""TELEFONO"": ""963095937"", ""DISTRITO"": ""Huaricolca"", ""DIRECCION"": ""Psje. Los Olivos 8082""}"
Declaración simple: Rosa Linares; DNI 92370625; F. nac. 21/04/2000; Tel. 999326148; Dir. Calle Los Álamos 3011; Dist. Anta; Lima.,"{""NOMBRES"": ""Rosa"", ""APELLIDOS"": ""Linares"", ""TIPO_DOC"": ""DNI"", ""DNI"": ""92370625"", ""FECHA_NAC"": ""21/04/2000"", ""TELEFONO"": ""999326148"", ""DISTRITO"": ""Anta"", ""DIRECCION"": ""Calle Los Álamos 3011""}"
Formulario único — Yolanda Olivares Tello — DNI 92058189 — F. Nac. 29-11-1974 — Tel. 923973438 — Dir. Calle Los Álamos 1553 — Dist. Majes — Lima.,"{""NOMBRES"": ""Yolanda"", ""APELLIDOS"": ""Olivares Tello"", ""TIPO_DOC"": ""DNI"", ""DNI"": ""92058189"", ""FECHA_NAC"": ""29-11-1974"", ""TELEFONO"": ""923973438"", ""DISTRITO"": ""Majes"", ""DIRECCION"": ""Calle Los Álamos 1553""}"
Ficha personal: Ana Belén Becerra Suyon | Doc DNI: 57040785 | Nac. 7 de julio del 1976 | Tel +51 910171954 | Dir Psje. Grau 6304 Mz B | Dist Pacocha | Lima.,"{""NOMBRES"": ""Ana Belén"", ""APELLIDOS"": ""Becerra Suyon"", ""TIPO_DOC"": ""DNI"", ""DNI"": ""57040785"", ""FECHA_NAC"": ""7 de julio del 1976"", ""TELEFONO"": ""+51 910171954"", ""DISTRITO"": ""Pacocha"", ""DIRECCION"": ""Psje. Grau 6304 Mz B""}"
"Soy José Luis Bravo León. DNI: 40277201. F. nacimiento: 18/04/1972. Celular: 914 484 588. Vivo en Jr. Primavera 2736, Sapallanga, Lima.","{""NOMBRES"": ""José Luis"", ""APELLIDOS"": ""Bravo León"", ""TIPO_DOC"": ""DNI"", ""DNI"": ""40277201"", ""FECHA_NAC"": ""18/04/1972"", ""TELEFONO"": ""914 484 588"", ""DISTRITO"": ""Sapallanga"", ""DIRECCION"": ""Jr. Primavera 2736""}"
"Me llamo José Miguel Díaz; mi documento es DNI 74791834; nací el 08/08/1996; número de contacto +51 997729428; dirección Calle Progreso 3212 Lt 4, distrito Santiago (Ica), Lima.","{""NOMBRES"": ""José Miguel"", ""APELLIDOS"": ""Díaz"", ""TIPO_DOC"": ""DNI"", ""DNI"": ""74791834"", ""FECHA_NAC"": ""08/08/1996"", ""TELEFONO"": ""+51 997729428"", ""DISTRITO"": ""Santiago (Ica)"", ""DIRECCION"": ""Calle Progreso 3212 Lt 4""}"
"Me identifico como Verónica Maria Paula Trejo Trujillo; documento DNI No. 17315517; nacido el 09/03/1981; número de celular 921 761 279; dirección Av. Arequipa 3490 Interior 20, Lima – Alto Nanay.","{""NOMBRES"": ""Verónica Maria Paula"", ""APELLIDOS"": ""Trejo Trujillo"", ""TIPO_DOC"": ""DNI"", ""DNI"": ""17315517"", ""FECHA_NAC"": ""09/03/1981"", ""TELEFONO"": ""921 761 279"", ""DISTRITO"": ""Alto Nanay"", ""DIRECCION"": ""Av. Arequipa 3490 Interior 20""}"
"César Valencia Calderon, identificado con DNI 98723294; fecha de nacimiento 20/11/1976; teléfono +51-983031359; vive en Av. Brasil 7304 Depto 296, Caraz, Lima.","{""NOMBRES"": ""César"", ""APELLIDOS"": ""Valencia Calderon"", ""TIPO_DOC"": ""DNI"", ""DNI"": ""98723294"", ""FECHA_NAC"": ""20/11/1976"", ""TELEFONO"": ""+51-983031359"", ""DISTRITO"": ""Caraz"", ""DIRECCION"": ""Av. Brasil 7304 Depto 296""}"
Información básica — Nombres: Marco Antonio | Apellidos: Linares Barrios | DNI: 21503440 | F. nac.: 21/12/1994 | Cel.: +51-982672055 | Dir.: Psje. Bolívar 6958 | Dist.: Aguas Verdes | Lima.,"{""NOMBRES"": ""Marco Antonio"", ""APELLIDOS"": ""Linares Barrios"", ""TIPO_DOC"": ""DNI"", ""DNI"": ""21503440"", ""FECHA_NAC"": ""21/12/1994"", ""TELEFONO"": ""+51-982672055"", ""DISTRITO"": ""Aguas Verdes"", ""DIRECCION"": ""Psje. Bolívar 6958""}"
Postulación de Cesar Orellana Reyna: DNI 14661179; 11-07-1987; 979366056; Dirección Psje. Los Álamos 2838; Distrito Balsapuerto; Lima.,"{""NOMBRES"": ""Cesar"", ""APELLIDOS"": ""Orellana Reyna"", ""TIPO_DOC"": ""DNI"", ""DNI"": ""14661179"", ""FECHA_NAC"": ""11-07-1987"", ""TELEFONO"": ""979366056"", ""DISTRITO"": ""Balsapuerto"", ""DIRECCION"": ""Psje. Los Álamos 2838""}"
"Soy Luisa Pablo Dominguez Gamarra; DNI n° 89865944; fecha de nacimiento 27/07/1976; celular +51 918994192; resido en Lima, Acoria; Calle Bolívar 7606.","{""NOMBRES"": ""Luisa Pablo"", ""APELLIDOS"": ""Dominguez Gamarra"", ""TIPO_DOC"": ""DNI"", ""DNI"": ""89865944"", ""FECHA_NAC"": ""27/07/1976"", ""TELEFONO"": ""+51 918994192"", ""DISTRITO"": ""Acoria"", ""DIRECCION"": ""Calle Bolívar 7606""}"
"Yo soy Pedro Pablo Molina Pastor; DNI 25102023; nací el 05/08/1983; número 986046949; vivo en Av. Los Olivos 4787; Matapalo, Lima.","{""NOMBRES"": ""Pedro Pablo"", ""APELLIDOS"": ""Molina Pastor"", ""TIPO_DOC"": ""DNI"", ""DNI"": ""25102023"", ""FECHA_NAC"": ""05/08/1983"", ""TELEFONO"": ""986046949"", ""DISTRITO"": ""Matapalo"", ""DIRECCION"": ""Av. Los Olivos 4787""}"
"Pedro Pablo Córdova Figueroa, identificado con DNI 91733516; fecha de nacimiento 22/03/1986; teléfono +51-946965460; vive en Calle Libertad 3992 Mz A, Utcubamba, Lima.","{""NOMBRES"": ""Pedro Pablo"", ""APELLIDOS"": ""Córdova Figueroa"", ""TIPO_DOC"": ""DNI"", ""DNI"": ""91733516"", ""FECHA_NAC"": ""22/03/1986"", ""TELEFONO"": ""+51-946965460"", ""DISTRITO"": ""Utcubamba"", ""DIRECCION"": ""Calle Libertad 3992 Mz A""}"
Datos para verificación: Lucia Leon Díaz; DNI 23182514; 24/12/2003; 950329802; Psje. La Paz 1562 Depto 497; Lima/Cuchumbaya.,"{""NOMBRES"": ""Lucia"", ""APELLIDOS"": ""Leon Díaz"", ""TIPO_DOC"": ""DNI"", ""DNI"": ""23182514"", ""FECHA_NAC"": ""24/12/2003"", ""TELEFONO"": ""950329802"", ""DISTRITO"": ""Cuchumbaya"", ""DIRECCION"": ""Psje. La Paz 1562 Depto 497""}"
"Declaro que me llamo Nancy Zúñiga Espinosa; mi DNI n.º 18806960; nací el 16-12-1978; teléfono +51 964141437; vivo en Jr. Progreso 1044 Mz A, distrito Anta (Carhuaz), Lima.","{""NOMBRES"": ""Nancy"", ""APELLIDOS"": ""Zúñiga Espinosa"", ""TIPO_DOC"": ""DNI"", ""DNI"": ""18806960"", ""FECHA_NAC"": ""16-12-1978"", ""TELEFONO"": ""+51 964141437"", ""DISTRITO"": ""Anta (Carhuaz)"", ""DIRECCION"": ""Jr. Progreso 1044 Mz A""}"
"Me llamo Jesus Luis Alberto Suárez Vargas; mi documento es DNI 26625933; nací el 23/07/1995; número de contacto +51-959991642; dirección Calle La Unión 2779, distrito La Tinguiña, Lima.","{""NOMBRES"": ""Jesus Luis Alberto"", ""APELLIDOS"": ""Suárez Vargas"", ""TIPO_DOC"": ""DNI"", ""DNI"": ""26625933"", ""FECHA_NAC"": ""23/07/1995"", ""TELEFONO"": ""+51-959991642"", ""DISTRITO"": ""La Tinguiña"", ""DIRECCION"": ""Calle La Unión 2779""}"
"Identificación: Jhonatan Reyna-Tapia (DNI 86807176); Nacimiento 25 de diciembre del 1999; Contacto 939709238; Domicilio Urb. Arequipa 245 Depto 206, Distrito Balsapuerto, Lima.","{""NOMBRES"": ""Jhonatan"", ""APELLIDOS"": ""Reyna-Tapia"", ""TIPO_DOC"": ""DNI"", ""DNI"": ""86807176"", ""FECHA_NAC"": ""25 de diciembre del 1999"", ""TELEFONO"": ""939709238"", ""DISTRITO"": ""Balsapuerto"", ""DIRECCION"": ""Urb. Arequipa 245 Depto 206""}"
Declaración simple: Jose Miguel Rocha Nunez; DNI 50998106; F. nac. 21 de diciembre del 1996; Tel. 996 267 144; Dir. Jr. Grau 5050; Dist. El Ingenio; Lima.,"{""NOMBRES"": ""Jose Miguel"", ""APELLIDOS"": ""Rocha Nunez"", ""TIPO_DOC"": ""DNI"", ""DNI"": ""50998106"", ""FECHA_NAC"": ""21 de diciembre del 1996"", ""TELEFONO"": ""996 267 144"", ""DISTRITO"": ""El Ingenio"", ""DIRECCION"": ""Jr. Grau 5050""}"
